"","Average Stars","Number of Check-ins","Average Sentiment"
"1",3.5,148,0.169068830088397
"2",3,4,0.0632234348142667
"4",4.5,112,0.296373307269351
"5",3.5,318,0.15771828785571
"7",3.5,1,0.2595950292398
"8",3.5,1566,0.175975220107296
"9",3,103,0.136613395911499
"10",4.5,85,0.2806449692418
"11",4,504,0.216085846901388
"14",3.5,112,0.135008565734246
"15",4,70,0.232271132617428
"16",3.5,8,0.12447950382949
"17",3,6,0.00782196969694999
"18",2,1,0.0511939208553375
"19",3,15,0.119859575774592
"20",3.5,43,0.274760679764738
"21",3,56,0.174973724524605
"26",4,10,0.266964285714
"28",4,274,0.22344399339289
"29",3,39,0.18056754024622
"30",4,299,0.208721936632752
"31",4.5,2,0.46
"32",3,155,0.212022118324829
"34",2.5,137,0.0659007111305153
"35",5,103,0.312797864198212
"36",3.5,100,0.186616169540527
"38",4.5,118,0.265170875046661
"39",3,338,0.186688804141883
"40",4,14,0.06432539682525
"41",3.5,73,0.172842734479218
"42",1.5,6,0.235
"43",4,440,0.190622449640891
"45",3,194,0.1567068106576
"47",2.5,120,0.179673865496656
"48",3.5,11,0.21937426132065
"49",3,11,-0.03634776334774
"51",3.5,2,0.04456380461656
"53",4.5,1,0.490147058823667
"54",3.5,586,0.237478453117803
"55",3,165,0.173965350420089
"56",4,84,0.2759464364431
"57",4,291,0.19747261839867
"58",3,74,0.183947323473893
"59",2.5,50,0.013195075757625
"60",4.5,34,0.280630684487615
"61",3,309,0.136366467105391
"62",4,83,0.291303838252436
"64",3,167,0.190956120950689
"65",3.5,18,0.171314205510227
"66",2.5,8,0.0588895941462
"67",4,638,0.287648150677924
"69",3.5,276,0.22523856362766
"71",2.5,12,0.0414967563301083
"72",4,408,0.228132290733779
"73",3,13,0.162408401964626
"74",3.5,112,0.144697716526262
"75",4,6,0.371343139595
"76",4,129,0.258525197822645
"78",3,39,0.170048011104822
"79",3.5,2,0.1291666666665
"81",3.5,9,0.14121226763425
"82",4,16,0.176037060166467
"83",3.5,8,0.0719441819937286
"84",3.5,155,0.206238531304224
"85",3.5,10,0.305560698359625
"88",3,36,0.213586429963847
"90",3.5,209,0.161423603647517
"91",3.5,18,0.121473103907426
"92",3.5,109,0.178966624053671
"93",3.5,97,0.222070180645697
"94",3,10,0.232270538720527
"97",3,21,0.191585180508867
"99",4,179,0.201118820622773
"100",2.5,30,0.01714772818372
"101",3.5,20,0.185024840355737
"102",3,15,0.239091659764769
"103",4,4,0.360888571254638
"104",3.5,261,0.199430930591871
"105",4,6,0.1576562926561
"107",3.5,205,0.200530525052351
"108",4,1,0.157556424273167
"109",4,58,0.193331269425056
"110",4,14,0.222042454046064
"111",3.5,18,0.198764484615125
"113",4.5,11,0.336915996150429
"114",3.5,61,0.154075503550688
"115",4,57,0.206944388855773
"116",3.5,80,0.190681978372874
"117",4,2,0.269659090909
"120",3.5,63,0.143470268625742
"122",4,9,0.123653383886939
"123",3,134,0.15362523735828
"124",3,155,0.14713544723568
"125",4.5,6,0.1204441287878
"126",3,76,0.195768310371221
"127",3.5,77,0.159608956552707
"128",2,9,0.0912366905349022
"129",2,4,-0.221208112875
"130",4.5,149,0.145996279767232
"131",4,7,0.38828124999985
"132",4,8,0.373073342229353
"133",4,85,0.183358611607645
"134",3.5,44,0.218128742394536
"135",4,7,0.162598499879705
"136",4,58,0.5136444805195
"137",3.5,15,0.24274443802112
"138",2.5,104,0.0799628673507837
"139",3.5,2,0.156322751322733
"140",3.5,34,0.283608255170833
"141",4,36,0.205753212836533
"144",2.5,3,0.0479736086353
"145",3.5,10,0.293519500183862
"146",4,108,0.3214200071556
"149",3.5,21,0.071678495116
"150",3,75,0.109805689883997
"152",3.5,185,0.228908485478804
"154",3.5,93,0.217412917321407
"155",4,67,0.279951492471689
"156",3,15,0.145691787351647
"157",4.5,10,0.19673782221225
"158",4.5,28,0.368199664918462
"159",3.5,46,0.165579536796242
"160",4,1,0.18117167092177
"161",3.5,3,0.109937229437
"162",4.5,16,0.255581210996732
"163",3,26,0.094508161391225
"165",2.5,9,0.04896382783893
"166",3.5,12,-0.00340887614806
"167",3,50,0.156726227052283
"169",3,41,0.125309603108257
"170",2.5,58,0.154566780319545
"172",4,121,0.227169754316133
"174",4,55,0.304301531315644
"175",4,444,0.251075498383724
"176",3.5,786,0.246778451646782
"177",3.5,26,0.255137620052815
"179",3,1016,0.17759474088022
"180",4.5,9,0.441666666666667
"182",3,43,0.178405938077952
"183",4,63,0.218040420227923
"184",3.5,14,0.152151661590943
"185",3.5,6,0.139619935997429
"186",3.5,206,0.165588081281955
"187",4,14,0.219921250372143
"189",3,77,0.232607018309738
"190",3,2,0.076371964262475
"191",4.5,2,0.35269031954875
"193",3,4,0.149736451819733
"194",3.5,42,0.207441085884561
"195",4,34,0.282542151660425
"196",4,29,0.294375292009169
"197",4,116,0.151656540261515
"198",4,2,0.449090909091
"200",3.5,14,0.216637979681158
"203",3,349,0.186606030601632
"204",3.5,876,0.176482828040342
"205",3.5,10,0.231566768879533
"206",3.5,148,0.203792989304198
"207",3,276,0.176551134437149
"208",4,156,0.13105494271841
"209",3.5,239,0.182935182509505
"210",2,2,0.028600718065
"211",2.5,142,0.060998168731233
"212",3.5,130,0.23635792192325
"213",3.5,774,0.180094654307382
"216",2.5,30,0.0437680508561858
"219",4,153,0.143271647978922
"222",2.5,1,0.0193870835754943
"223",3.5,59,0.125572084485428
"224",3.5,34,0.197367251024209
"225",4,39,0.29023162575233
"226",2,16,0.3000679347825
"227",4.5,514,0.254019100037782
"228",4.5,3,0.3291666666665
"229",3.5,74,0.212925771003489
"230",4,96,0.227017946494946
"231",3,38,0.18042440961829
"232",3,29,0.107644876132314
"233",3,42,0.183357463216328
"234",3,2,0.26701822085394
"235",4,39,0.285640742259421
"236",3.5,484,0.200100357688918
"237",4,232,0.149684365068096
"238",1.5,45,0.0169104871968692
"239",3.5,65,0.175617474661115
"240",2.5,76,0.0990331416676635
"242",3.5,44,0.193637599906335
"243",3.5,34,0.22094345238109
"245",3.5,154,0.153468851964827
"246",3.5,51,0.188265766898024
"247",4,258,0.279022140646074
"248",3,18,0.1353572911962
"249",2.5,12,0.0785415072499833
"250",3.5,33,0.0607490028028047
"251",4,4,0.184405864197667
"252",3.5,368,0.183766439047779
"253",1.5,7,0.0517547123017
"254",3.5,37,0.221933261183167
"257",3,35,0.135495924790313
"258",4,2,0.163256290584404
"259",3,87,0.172747755942789
"261",4,462,0.261759770768642
"262",4,52,0.245445722754197
"263",3.5,3,0.304017526455167
"264",3,17,0.109006914381967
"266",2,5,0.11152777777778
"267",3.5,38,0.256177106826175
"268",4,180,0.240317643420302
"269",4.5,32,0.272198576789427
"270",3,119,0.152258234068879
"271",3.5,33,0.235677015019952
"272",3,1,-0.121672077922125
"273",3,133,0.0759488810568053
"275",2.5,261,0.133725174314922
"277",3.5,8,0.1702172950203
"278",3.5,51,0.187046680766188
"279",4.5,14,0.675
"280",3.5,6,0.102419518312411
"281",3,4,0.10275321104045
"282",4,122,0.228767098981458
"284",1,3,-0.100095977895
"285",3,2,0.02221148459372
"286",4.5,2,0.4293799407115
"287",3,165,0.164465917680176
"288",4,5,0.155527544350994
"290",3,204,0.141472782288051
"291",2.5,31,0.123727573984503
"292",3,4,0.078495372443636
"294",3.5,258,0.285602531651105
"296",4.5,78,0.359033119081545
"299",4,64,0.310649434812143
"300",4,92,0.256616987850694
"303",3,169,0.217805227080646
"304",3,295,0.177773571269932
"305",2.5,2,0.06573801006105
"306",2.5,24,0.0772964102146111
"307",4.5,54,0.211206461171887
"308",3.5,84,0.208752919072593
"309",3.5,21,0.151546116341673
"311",4,15,0.263372411282067
"312",3,5,0.0889271462419778
"314",3.5,36,0.176979599541598
"315",3,57,0.150054261506376
"317",5,12,0.300410307285517
"318",4,100,0.228247164529552
"319",4.5,5,0.459743818162243
"321",3,47,0.04523848877326
"322",4,105,0.237804945469229
"323",3.5,79,0.199753151130681
"324",3.5,141,0.248596851086877
"325",3,68,0.158260253731533
"326",3.5,1320,0.18653231600947
"329",2.5,19,0.123577543693142
"330",3,738,0.162274329282551
"333",5,1,0.33679166666675
"334",4,2,0.2815476190478
"335",3.5,390,0.158479215111349
"336",3.5,15,0.231753301733906
"337",3.5,54,0.280625092563525
"338",4,541,0.246709877617586
"339",3.5,322,0.238998159259054
"340",4,48,0.237459955471192
"341",4,217,0.193755287599903
"343",2.5,39,0.161612125075294
"344",3.5,19,0.216132917923906
"345",3.5,18,0.218634655192567
"346",2.5,720,0.123972305137076
"347",3.5,343,0.172295665697271
"351",3.5,4,0.0550457875457
"352",4.5,266,0.289712881057484
"353",4,78,0.15909682111749
"354",4,81,0.235842154099287
"355",4,9,0.235009004884
"356",3.5,245,0.243953825122727
"358",4,5,0.192259279750833
"359",3,14,0.146704061884646
"360",2,1,0.137324835658233
"362",4,993,0.231611274589128
"364",4,31,0.367811626865143
"365",4,221,0.267851987187958
"367",3.5,87,0.206224657445046
"368",5,16,0.282246047549429
"369",4,5,0.24997336917135
"370",3,84,0.172592879868436
"371",5,14,0.293898809524
"373",3,8,0.30183270676675
"374",3.5,64,0.193312867025684
"375",3.5,32,0.213141874337962
"376",3.5,22,0.163137885084938
"379",4.5,7,0.242232524770033
"380",3.5,9,0.173766150275818
"381",3,5,0.0534069325734575
"383",3.5,674,0.0404076577634328
"384",4,35,0.254973477115161
"385",3,1044,0.175963500264324
"386",3.5,48,0.208252844656774
"387",3.5,19,0.266824747850153
"388",3,8,0.09679231119754
"389",4,146,0.257207398008986
"393",3,160,0.14093967996209
"396",4,39,0.215552797896587
"397",4,60,0.253324284913942
"399",3,173,0.138968136954581
"400",3.5,5,0.29690333694083
"401",3.5,30,0.191336587390758
"402",4.5,94,0.318281106563432
"403",4.5,8,0.146672077922125
"404",3.5,37,0.183484952313999
"407",4.5,21,0.302158409491797
"410",3.5,70,0.21382688492075
"411",3.5,35,0.144325145070893
"412",3,8,0.168204201101933
"414",2.5,8,-0.06836263466058
"415",3.5,115,0.209072966505458
"416",5,8,0.3486111111115
"417",3.5,8,0.1418867243866
"418",3,6,0.3355266955266
"419",3.5,410,0.176702218553272
"420",4,4,0.462296037296
"421",4,177,0.30216593329188
"422",4,31,0.170740065256892
"423",3.5,163,0.21004536176368
"424",4,60,0.223572074776836
"425",4.5,13,0.285972222222175
"427",4,4,0.19655095884494
"428",3.5,832,0.186486340912305
"429",4,13,0.334457070707
"430",2.5,13,-0.192645588538443
"431",2.5,15,0.141619504833978
"433",4,146,0.228741896546964
"435",3.5,198,0.255942907163424
"438",4,50,0.234048235010231
"439",3,116,0.127155041009284
"440",4.5,5,0.2759283008658
"441",1.5,7,-0.1062023809524
"443",4,36,0.194181839486808
"444",2.5,9,0.0576948051947571
"445",3.5,298,0.226856319781025
"448",3,17,0.137074905561101
"450",4,49,0.279605328534
"452",3.5,166,0.144411851516804
"453",3,1,0.44
"454",3.5,24,0.251093937331333
"455",3,96,0.158630463014533
"456",3,77,0.122150258508144
"457",4,44,0.256842186684842
"458",3.5,191,0.217261912423843
"459",3.5,277,0.202994084427205
"460",2.5,2,-0.115189393939348
"461",3,222,0.162966049732438
"463",3,13,0.117350802856731
"464",2.5,19,0.01301598575038
"466",4,4,0.208237272276362
"467",3.5,253,0.218699885122138
"469",3.5,153,0.227104505674334
"470",3.5,51,0.218494539363294
"472",3.5,7,0.209296637004933
"473",4.5,15,0.2407611885664
"474",4.5,23,0.223793299734553
"476",3,24,0.166178881634343
"477",3,1095,0.137218611624808
"478",4,142,0.202640939116724
"480",2.5,193,0.114012863408991
"481",4,34,0.185551276901266
"482",4,38,0.160760449540076
"484",2.5,11,0.167231656377317
"486",3.5,11,0.179396856217596
"489",3.5,113,0.20535590030858
"490",4,77,0.304402413366574
"491",4,41,0.142237520360044
"493",3,2,0.139640022675667
"494",3.5,33,0.1642543859651
"495",3.5,48,0.10140794506421
"497",3.5,27,0.149698162269921
"498",4,4,0.277550090675
"500",4,1556,0.236436638846346
"501",3.5,32,0.0640988306214454
"502",3.5,261,0.195636185420521
"503",4.5,860,0.268181932678169
"506",4,20,0.1999540816328
"508",3,50,0.09456494281514
"509",4.5,45,0.291605883744743
"510",4,166,0.270601550834015
"511",3,182,0.157327054421355
"513",3.5,45,0.229856043657333
"514",3.5,212,0.204759455280839
"515",4,25,0.168940736863417
"516",2.5,119,0.156734218149068
"519",3,100,0.138126931929831
"521",3.5,4,0.08581627631622
"522",3.5,67,0.256043725545949
"523",3.5,319,0.174153686778652
"524",2.5,40,-0.102825984200833
"526",4,59,0.211268499499623
"527",4,278,0.235943871537898
"528",2.5,6,0.0886078042327
"529",4,5,0.10458823747252
"530",4.5,58,0.301315642390096
"531",3.5,126,0.223152306228351
"534",4,4,0.1516534391533
"537",3.5,13,0.280281408206878
"538",4.5,14,0.189338582670076
"539",3.5,64,0.211580741350813
"540",3.5,18,0.20742180451134
"541",4,50,0.261451289141639
"542",3.5,24,0.205472505143583
"544",3,222,0.131868868936288
"545",4.5,152,0.28436431048121
"546",3.5,35,0.36170576656591
"547",4,229,0.182310410015831
"550",4,4,0.2241233766235
"551",4,101,0.250422223768766
"553",4,50,0.184736461523261
"555",3.5,183,0.161685177917892
"558",2.5,36,0.163715903027861
"559",3.5,2,0.389533730158733
"561",4.5,5,0.194948870574
"562",4.5,74,0.173733176187487
"563",2,18,0.0734899018830781
"564",2.5,1,0.0284760378510333
"565",3,29,0.136414935924014
"566",3.5,57,0.0833277628170227
"568",4,33,0.341053447264466
"569",2.5,9,0.0309497515315222
"571",4,11,0.150199615199667
"572",3.5,293,0.148141533728915
"573",4,32,0.193734045602733
"575",3.5,37,0.209867771369049
"576",4,22,0.246295766149588
"577",2.5,5,0.036101429097475
"579",4.5,12,0.2770238095235
"580",3.5,148,0.220771691003981
"581",4,115,0.243319504321052
"582",3,96,0.141491505823665
"583",3.5,50,0.200365134382291
"585",2,19,0.0872659782346617
"586",3,91,0.1849771786993
"587",4,292,0.238718720208394
"589",3.5,483,0.230556097506559
"590",3.5,273,0.241226253616658
"591",3.5,385,0.254306521098899
"592",3.5,179,0.18041785502844
"594",4.5,9,0.271972059590833
"595",4,52,0.246762634035111
"596",3,281,0.132222190597869
"598",3.5,27,0.178044898449484
"599",2,3,0.2256047873695
"600",4,20,0.336788551840914
"601",4,66,0.250145901854851
"602",3.5,246,0.170810059473557
"603",3.5,26,0.182430124318191
"604",4,65,0.242903545594052
"605",2.5,11,0.137856240981215
"607",4.5,29,0.280598219028941
"610",3.5,13,0.182107261318205
"611",4.5,58,0.355156530473723
"612",3.5,260,0.177003562041173
"615",3.5,88,0.178590032065215
"616",4,331,0.285464436033595
"617",3.5,12,0.16861111111135
"618",4,124,0.232835030821485
"619",3.5,58,0.253950349016087
"622",3.5,56,0.192931011497425
"623",3.5,5,0.297819679386857
"624",3.5,103,0.27314007111932
"625",4,87,0.283853041142281
"627",4,49,0.245161450245662
"628",4,2,0.111444309162948
"629",3,13,0.136271661731653
"630",3.5,220,0.209689883491684
"632",2,4,-0.1761155202823
"633",3,86,0.07920154638845
"635",4,270,0.245949909905941
"636",3.5,188,0.22461880592394
"637",4.5,93,0.28166254341578
"638",3,429,0.179397248287784
"639",4,22,0.229527417027357
"641",4,14,0.19375211411125
"642",3.5,72,0.232094318931596
"644",4,52,0.334152928326684
"645",3.5,25,0.246808138233271
"647",4,92,0.207970879503873
"648",4.5,4,0.229264245341475
"649",4,350,0.187805812788707
"650",3,55,0.217175689507295
"651",2,68,0.0509662983660917
"652",3,14,0.1422090591287
"653",4.5,28,0.322359583639167
"654",4,334,0.255662001087647
"656",4,205,0.2558408604326
"657",3.5,827,0.235541082208047
"660",4,972,0.185578417866517
"661",4,36,0.21340116028429
"662",4,576,0.172542180718552
"663",2.5,24,0.0183158058545333
"664",3.5,118,0.255496268934222
"665",3.5,118,0.207157046354126
"666",4,68,0.23121381181384
"667",3.5,159,0.204461575329707
"668",4,491,0.187634103493442
"669",4,170,0.254885741190088
"670",3,1,-0.0648148148149
"671",4.5,1,0.362045454545
"672",3.5,32,0.208928764649401
"673",3.5,371,0.147391142383442
"674",4.5,50,0.233186806283193
"676",2.5,1296,0.144368869589233
"677",4,19,0.20076590317267
"678",3,29,0.105267632850751
"680",4,5,0.269655275280287
"681",4,150,0.146518334455918
"682",2.5,12,-0.062293956044
"683",4.5,65,0.298837263174015
"684",4,272,0.287573990925289
"685",4.5,8,0.240119047619
"686",3.5,508,0.245836663932887
"687",4,66,0.203916108142262
"688",4.5,4,0.270078571428425
"689",3.5,9,0.236194403611531
"690",3.5,9,0.18786897852275
"692",4,52,0.210875502451537
"693",3.5,184,0.178961672222974
"694",3,15,0.284601945673571
"697",4,65,0.208073602411043
"698",3,19,0.1563472936913
"699",4,10,0.185307870370538
"700",4,152,0.230411121839981
"701",3.5,45,0.178720745466341
"702",4,264,0.21836624869884
"704",3,4,0.160964673380136
"705",3,12,0.03415031662391
"706",3,50,0.159438262959754
"707",3,225,0.196225709789155
"708",2,166,0.0191822122021522
"709",4,1368,0.22481880699521
"710",4,538,0.209829229656658
"711",4,4,0.248767006803
"712",4,234,0.24457264673453
"713",3.5,129,0.222170828349998
"715",3,14,0.06608278508775
"718",3.5,24,0.174467246167733
"719",3.5,12,0.1644290123458
"720",3.5,500,0.123070352517474
"722",3.5,120,0.157235186042534
"724",4,57,0.219265437470805
"725",2.5,2,0.051817458858489
"726",3,10,0.168664851499475
"727",2,3,-0.217074456975775
"728",4,74,0.232642670517421
"729",3,42,0.156993830809173
"730",2,7,0.09494471577825
"731",3.5,98,0.222543460134426
"732",3.5,2,0.24526984126976
"734",4.5,9,0.217516037390125
"736",4,242,0.27757406391237
"737",2.5,145,0.0763983861358267
"738",4,16,0.268632118756606
"739",3,12,0.15284017371517
"740",3.5,264,0.18953295816399
"741",2.5,14,0.14137934904606
"743",3.5,27,0.135762279387227
"744",4,2,0.239286687324111
"745",3.5,100,0.157913175086789
"746",3,36,0.1004629708818
"747",4.5,124,0.279173271539187
"750",4.5,208,0.231997683207488
"751",4.5,6,0.2013892958894
"752",3,273,0.143370252102375
"754",3.5,71,0.211705750061693
"756",4,150,0.224316204679092
"757",3.5,23,0.137832295004976
"758",3,81,0.228787918590106
"759",2,4,0.06935257008785
"760",1,4,0.0117316017316
"761",4,52,0.294126674170022
"762",4,59,0.189098841455592
"763",4,52,0.282860159287453
"765",1,2,-0.106649029982333
"767",4,34,0.195632974360842
"769",3,37,0.174446321776563
"771",3.5,267,0.192450523774053
"772",3.5,25,0.200122810906211
"774",4.5,146,0.249023986682709
"775",4,38,0.27365139420214
"776",2,14,-0.0148117350485462
"777",3.5,252,0.179339524382347
"779",3,397,0.11217502494354
"780",3.5,51,0.197890355644562
"781",4,510,0.175632901780653
"782",3.5,10,0.242006029684557
"783",4,980,0.281628432476609
"784",4,362,0.277587179448156
"786",3.5,3,0.096701388889
"788",4.5,26,0.321705597869096
"789",3.5,16,0.0771794708411892
"791",3,15,0.07450203828817
"792",3.5,230,0.203788456813886
"794",4,98,0.202260322860659
"795",3.5,19,0.071032788115264
"797",2.5,24,0.211384466979143
"798",3,18,0.13714056776525
"802",4,5,0.158838383838333
"803",3.5,29,0.23734528789196
"804",2,8,0.2529265873015
"807",4.5,17,0.24638567767898
"808",4,3,0.178187830688
"811",4,181,0.286998929306365
"812",4,407,0.234497549194742
"814",4,4,0.2173137254902
"815",3.5,2,0.38750000000015
"816",2,12,0.0966756087187554
"817",4,8,0.17005960648376
"818",3.5,123,0.218342679308165
"819",2.5,34,0.160185534842973
"820",4,206,0.23620465263601
"822",3.5,9,0.124713420409724
"823",4.5,165,0.197695402859744
"824",3.5,560,0.206906904609516
"826",2.5,2,-0.00106705182075285
"827",3.5,88,0.251368072120643
"828",3.5,187,0.158448122123482
"830",3.5,36,0.0371143243622333
"831",4,30,0.317130565427032
"832",4,61,0.140081857745733
"834",4.5,21,0.23091698505625
"835",3,20,0.221553147851
"837",4,75,0.24925350538773
"838",3.5,376,0.201303503717874
"839",4.5,19,0.234706898917044
"841",2.5,23,0.0154147126022
"842",1.5,34,0.02663223827645
"843",4,202,0.216911251801236
"845",3,54,0.191566805411389
"846",3,146,0.11819120945528
"847",4,129,0.287905724603975
"848",4,66,0.249148105820572
"849",3.5,7,0.070853997260313
"850",2,28,0.0333433541766333
"851",4.5,33,0.299626783733762
"853",3.5,76,0.209340888568324
"854",4,449,0.251267789634238
"855",3.5,4,0.209815917107667
"856",3.5,103,0.207510859045261
"858",3.5,63,0.16828335888591
"859",3.5,215,0.130984557087199
"860",3,395,0.14068841005954
"861",2.5,110,0.137848201083897
"862",3,204,0.209752034967235
"863",3,568,0.14090939149761
"865",3.5,14,0.189938872855589
"866",4,58,0.225759463342132
"867",4,6,0.26028732864359
"868",3.5,574,0.192393379136534
"870",3,21,0.139674855903665
"871",4,4,0.263050408138288
"873",3.5,45,0.215062292638248
"874",2,52,0.0241746484509579
"877",3.5,43,0.194487246158625
"878",4,15,0.231474765589351
"880",4.5,50,0.392738866483595
"881",3.5,981,0.200906576251838
"882",2.5,16,-0.0603571428571
"883",3,393,0.149643018195174
"885",2.5,222,0.163510269577813
"886",4,478,0.209957350776573
"887",2.5,5,0.2652572877905
"888",3,8,0.236407555407433
"890",4.5,7,0.331885806406
"892",4,14,0.128129114808725
"893",4,98,0.2223174759315
"894",3.5,69,0.249502114798982
"895",3,35,-0.0260519193542218
"896",3.5,92,0.105139363068069
"897",3.5,609,0.248658111929038
"898",3.5,169,0.228792447275466
"899",4,150,0.216321581578281
"900",3.5,2,0.120188729399
"901",1.5,16,0.07134229936725
"902",4,118,0.228293365258573
"903",3.5,18,0.12961744747464
"904",3.5,180,0.201823927472493
"905",4,815,0.292578574093476
"906",2,49,0.112705642804103
"907",4,598,0.204441532278064
"908",3.5,17,0.255914681311021
"909",3.5,132,0.16567337110824
"910",3.5,29,0.189716895957766
"911",4,387,0.257215811049531
"912",3,72,0.05174660942407
"913",3.5,1006,0.176865786221194
"914",4,59,0.157906369922166
"915",3,163,0.107412805500503
"916",3.5,69,0.256956443723355
"917",4.5,84,0.299270722900652
"919",3.5,39,0.197242932082404
"920",3.5,210,0.261655742385779
"921",4.5,176,0.253445418249121
"922",4,75,0.19113011610085
"924",2.5,28,-0.02939905572414
"925",4.5,17,0.325553194782167
"926",4.5,20,0.269596944061114
"927",4,10,0.241694240190427
"928",3.5,56,0.12819540644548
"929",3.5,26,0.318609319117789
"931",3.5,20,0.192105368684525
"932",3,13,0.0753352665852615
"934",3.5,258,0.266667404612904
"935",4,47,0.214609782894197
"937",3,32,0.12
"939",3.5,163,0.177493513355451
"940",2.5,3,0.10502344877355
"942",3.5,430,0.206583812753554
"943",3,16,0.32440142407975
"944",4.5,30,0.308599353882978
"945",3.5,6,0.2224782168187
"946",3.5,2,0.310595943408333
"947",3,1,0.1191751700681
"950",3.5,26,0.09306259773371
"951",4,146,0.190868985940373
"952",4.5,108,0.311307700944567
"953",4,3,0.264987824675333
"954",2,3,0.01093145743154
"955",3,79,0.116710998628452
"956",3.5,41,0.179353250875598
"957",4.5,12,0.313792876667821
"958",3.5,44,0.139090205097314
"959",3.5,22,0.125714285714134
"960",4.5,208,0.236189675575028
"961",3.5,120,0.183297814358206
"962",3,228,0.112842424074993
"963",3,135,0.142867197603139
"964",3.5,65,0.032927382082815
"965",4.5,46,0.144112902452667
"966",3,66,0.174245312181138
"967",3.5,47,0.257659969428473
"969",5,8,0.533988846801333
"970",2.5,394,0.130320712907637
"971",4,776,0.236832172817459
"972",3.5,54,0.168626266590593
"974",4,26,0.204037611209652
"977",3,755,0.165116062917882
"978",3.5,97,0.155455361683553
"979",3.5,29,0.167342977626891
"980",3.5,448,0.198126357860213
"981",2.5,125,0.126975269354611
"982",4,32,0.197463708088553
"983",4,1248,0.264276895025832
"984",2.5,3,-0.0298893097643033
"986",4.5,1092,0.245760481181076
"987",2.5,47,0.151121800202643
"988",4,558,0.290287953431255
"990",4,5,0.00102383633625
"991",3.5,3,0.0345128600822222
"992",3.5,384,0.215829616285343
"993",3,2,0.0644710998878
"994",3.5,362,0.229181891790688
"995",4,2,0.160541914682625
"996",4,87,0.224889519691518
"998",3.5,34,0.200191741038126
"999",3,720,0.128084211099902
"1001",4,8,0.22220577544265
"1002",4.5,6,0.259026326577436
"1003",3.5,75,0.208021997331098
"1004",2,71,0.0585784380490357
"1005",3,35,0.157450406028186
"1006",3,68,0.22334538248508
"1007",4,120,0.216130357873212
"1008",1.5,15,0.0774656256882242
"1009",3.5,37,0.247424920034335
"1011",3.5,60,0.189057128571112
"1012",3.5,30,0.106073731652461
"1013",4,13,0.1682259636582
"1014",4,454,0.245832374528712
"1015",4,53,0.202719623527589
"1016",3.5,56,0.180666151668626
"1017",2.5,56,0.16973554839134
"1019",4.5,8,0.312833052552856
"1020",3.5,228,0.264378936707686
"1022",3.5,242,0.151743042614533
"1023",4,298,0.267754166628397
"1024",3,5,0.113571968426649
"1025",3,38,0.0440975787805475
"1026",3,33,0.193424617726145
"1027",2,139,0.0358739383435667
"1029",3.5,10,0.248969866155275
"1030",3,464,0.206752281168225
"1032",3.5,126,0.229614285392254
"1033",2.5,133,0.110120048145687
"1034",3.5,218,0.195701515458462
"1035",3.5,40,0.267852084182808
"1036",3,70,0.172579101265754
"1037",3.5,5,0.377774859944025
"1038",4,9,0.257638888889
"1039",4,276,0.24373378368663
"1041",2.5,11,0.0451416173711667
"1042",2,5,0.0834494047617833
"1043",4,133,0.191841104133636
"1045",4.5,240,0.281330356035611
"1046",4,250,0.210759968311448
"1047",3.5,19,0.27000765306131
"1049",3,14,0.06375
"1051",4,23,0.18309700022199
"1052",3.5,819,0.220033498493491
"1053",4.5,2,0.335227272727333
"1054",4,297,0.283963324056864
"1055",3.5,65,0.218248066217013
"1056",4,88,0.285810022826806
"1057",3,29,0.165691600531365
"1058",4,1522,0.194863152872114
"1059",4.5,23,0.312049251526895
"1060",3,2,0.187272727273
"1061",4,43,0.275284849052154
"1062",2.5,21,0.198386994949534
"1063",4.5,44,0.208060831971623
"1064",3.5,39,0.185847537878667
"1065",2.5,16,0.0459412881961667
"1066",4.5,15,0.29221139060149
"1067",2,1,0.082368163445775
"1068",3.5,104,0.193498339063801
"1069",3.5,16,0.0322752192982
"1070",3,33,0.16761362397525
"1071",3.5,35,0.193775845722791
"1073",2,13,0.0407588936503889
"1074",3.5,98,0.23170451366971
"1075",4,296,0.247159648660403
"1077",1.5,4,-0.113706349206286
"1078",1.5,1,-0.04916666666685
"1080",3.5,51,0.199184987708468
"1082",2.5,177,0.156432793739026
"1083",2.5,203,0.105179735229045
"1084",4,55,0.240988129598302
"1085",2.5,8,0.0253497274332
"1088",2.5,39,0.0360604632375029
"1089",2.5,1,0.331193755739233
"1090",3,12,0.145376864533759
"1091",3.5,6,-0.032678229337674
"1092",4.5,4,0.219022357580125
"1093",2.5,131,0.160292857762278
"1094",3.5,11,0.1723756580353
"1095",3.5,531,0.159756701742737
"1096",2.5,123,0.154792696495593
"1097",3.5,11,0.100536368393514
"1099",4,18,0.262191885859006
"1100",2,43,0.0433570586192417
"1101",3,43,0.156985255750906
"1102",4,27,0.1782161467297
"1103",2.5,85,0.14473085255482
"1105",4.5,10,0.2885600700886
"1106",2.5,144,0.1569052645753
"1107",3,153,0.173020269701945
"1109",2.5,346,0.170638260165869
"1110",4,48,0.164725284147242
"1113",4,52,0.0904073824418714
"1114",3,440,0.201872973238568
"1115",3,1,0.276614246521733
"1117",4,40,0.23882406979807
"1118",1.5,5,-0.154166666667
"1120",3.5,53,0.232564814202506
"1121",4,45,0.296295494042643
"1122",3.5,104,0.255718398057812
"1123",3,958,0.178471638840439
"1124",4,216,0.180702679238107
"1125",3.5,10,0.251694139194
"1127",4,14,0.245196187770108
"1128",3.5,12,0.305661993493143
"1129",3,61,0.165414853924795
"1131",2,25,-0.006300674609475
"1132",4,438,0.237812699852526
"1133",3.5,150,0.134316678265749
"1134",4,74,0.126923293999911
"1135",3.5,152,0.104390382698747
"1136",2.5,20,0.142381806257855
"1137",4.5,40,0.235132591481618
"1138",4,8,0.295755603655556
"1140",4,88,0.289278419327442
"1141",3,268,0.167985111372979
"1143",4,15,0.309230426772107
"1144",3.5,113,0.152411681362976
"1145",3.5,39,0.222975391243645
"1146",3.5,350,0.191114121875292
"1147",2.5,5,0.090909090909
"1148",3.5,7,0.09034029304022
"1151",3.5,147,0.241367704677123
"1153",1.5,9,0.0592283950619
"1154",3.5,9,0.10218581780542
"1155",4,132,0.259842535564673
"1156",1,6,-0.132430555555433
"1159",2,3,0.1429916760196
"1160",4,4,0.351388888889
"1161",3,54,0.104034695552592
"1162",2.5,144,0.0894143338618193
"1163",2,7,-0.2138392857143
"1164",4.5,51,0.283172924925082
"1165",3,53,0.139996824944591
"1166",5,15,0.25879516317025
"1167",3,177,0.160916420602382
"1168",4,171,0.182701664226593
"1169",2.5,29,0.22030773516308
"1170",4.5,16,0.29212118934657
"1171",2,5,0.164976689977
"1172",4.5,154,0.301527841288649
"1173",3.5,29,0.19663997073032
"1174",4.5,36,0.341570808151193
"1175",3,265,0.154027030696723
"1176",3,354,0.197725867472769
"1177",3.5,290,0.2211349587272
"1178",3.5,132,0.244664659556196
"1182",2.5,65,0.120035318194226
"1183",1.5,1,-0.00430555555555
"1184",4.5,298,0.301985856386152
"1185",3,27,0.198637278576627
"1186",4,10,0.21348737874775
"1190",2,5,0.00997199675332499
"1191",4.5,72,0.200966565128257
"1193",3,3,0.02707484513734
"1194",4,100,0.214796503105663
"1195",4,5,0.0708051378446
"1196",4,35,0.260363520864473
"1197",3.5,1146,0.211165453167377
"1198",3.5,360,0.165702759097639
"1199",3.5,298,0.205337532547381
"1200",2.5,14,0.111747280497277
"1201",4.5,14,0.45
"1203",3.5,79,0.0497816876422371
"1204",3.5,65,0.235764156526197
"1205",3.5,211,0.171798780619104
"1206",2.5,13,0.058467182990575
"1208",4,48,0.264857579716809
"1209",3,255,0.144889306287837
"1210",3.5,1,0.161378042328
"1211",3.5,1,0.141349206349
"1212",3.5,49,0.153203317137898
"1214",4,74,0.178379330781896
"1217",4,6,0.211738016613185
"1218",3.5,82,0.196029176421164
"1219",4.5,94,0.294414381572079
"1221",3.5,188,0.193296233491548
"1222",2.5,76,0.183047390996619
"1223",4,61,0.282014207466398
"1225",4,94,0.255389268705308
"1226",3,29,0.144311873129657
"1227",3.5,7,0.35366142376155
"1228",4.5,19,0.249430323231701
"1229",3.5,343,0.167256132291173
"1230",3.5,24,0.124627625066882
"1231",4,4,0.2707936507935
"1233",4.5,120,0.240811506917932
"1234",3,172,0.121444608458478
"1235",3.5,34,0.28752275017878
"1236",3.5,5,0.219742063492048
"1237",3.5,4,-0.239781746031667
"1238",4.5,44,0.289188256769435
"1239",4,13,0.193536444175967
"1241",3.5,9,0.294652749594
"1242",4,1511,0.174370508174697
"1243",3.5,127,0.179268750343351
"1244",2.5,4,0.0882164502166
"1245",3,9,0.167222222222333
"1246",4,10,0.1911291922364
"1247",3.5,81,0.189187518125305
"1248",2,90,0.140422933547983
"1250",2.5,14,0.04735500949344
"1251",3,94,0.0505423543704806
"1252",3,44,0.223664045135393
"1253",3.5,47,0.241638604935891
"1254",3,207,0.155113344837342
"1255",1.5,2,0.244163860831
"1256",4,60,0.267835553529721
"1258",4,3,0.156666666667
"1259",3,147,0.169464103856279
"1260",3.5,32,0.130340868875218
"1262",3.5,17,0.273450073572553
"1263",3,50,0.15142698363615
"1265",3.5,8,0.226183016893106
"1266",4,22,0.109430800165286
"1267",3.5,737,0.214772942608282
"1268",3,68,0.151367136150721
"1269",3.5,3,0.0186931818182
"1271",3.5,18,0.224313413168094
"1272",3.5,768,0.183974170459498
"1273",2.5,18,0.0765370144901208
"1274",3.5,14,0.1193134920634
"1275",4,465,0.312233036552242
"1277",4,108,0.275209556534125
"1278",3.5,278,0.168254722507453
"1279",3.5,287,0.200796651818861
"1280",3.5,201,0.21148184459405
"1281",3,121,0.1315701732641
"1282",2.5,8,0.079174738060425
"1283",4,94,0.239648587782892
"1284",4,18,0.269765287260758
"1285",3,42,0.130741449202373
"1286",4,1,0.301132586367952
"1290",2.5,36,0.145323321485808
"1292",4,250,0.220623254840997
"1294",4,296,0.24420333632481
"1296",3.5,89,0.17432659643407
"1297",4,25,0.275517465668126
"1298",3.5,5,0.271454097600004
"1299",3,69,0.112787242588402
"1300",4,1284,0.269878982668076
"1301",4,67,0.314585604499326
"1304",3.5,29,0.119538590708197
"1305",3.5,2,0.1163352272725
"1307",3,206,0.177565152825463
"1309",3,30,0.126319467451471
"1310",3,82,0.214470230934324
"1311",3.5,163,0.254315879491489
"1313",3.5,119,0.223541019947817
"1315",3.5,59,0.173848644462053
"1316",3,14,0.171234829050545
"1319",3.5,78,0.226454420158305
"1320",3.5,193,0.209925701534456
"1321",4,14,0.31885454792446
"1322",3,27,0.126159568510727
"1323",4.5,24,0.226256835196089
"1324",4,4,0.244190569325333
"1325",3.5,27,0.41394230769225
"1327",2.5,6,0.1379166666665
"1328",2,12,0.0925969722902333
"1329",3,56,0.151397552869387
"1330",3,88,0.0813431075436471
"1331",4,226,0.244861057260663
"1333",3.5,312,0.199156694599774
"1334",4,20,0.320239827756438
"1335",3.5,23,0.142321563408081
"1336",3.5,466,0.143847619960701
"1338",4,24,0.246294496257507
"1339",3.5,8,0.182678837072271
"1343",4,3,0.3479166666665
"1344",4,242,0.196152888231625
"1345",3.5,5,-0.334702380952333
"1347",5,615,0.315962118806772
"1348",3.5,667,0.12544826937675
"1349",3.5,272,0.254760063716306
"1350",2.5,5,0.170160698676223
"1351",3.5,16,0.141508075258071
"1352",4,146,0.310378227751164
"1353",4,69,0.213885130692702
"1355",3,14,0.185003549904853
"1356",3.5,2,0.154583333333333
"1357",4,186,0.251159896401818
"1358",4,39,0.307754279587535
"1359",3.5,20,0.209241633681192
"1360",2.5,76,0.164806082255521
"1362",4.5,12,0.3067950937952
"1364",4.5,2,0.17852980352985
"1365",3.5,226,0.163161275504165
"1366",4.5,22,0.288696436246391
"1367",3.5,278,0.241568372164716
"1369",4.5,44,0.2415775462965
"1373",3.5,25,0.209207600210182
"1375",3.5,14,0.0894179894179533
"1376",3.5,6,0.2886653503995
"1377",3.5,220,0.189869196523843
"1378",2.5,186,0.118344450208576
"1379",5,2,0.323564814815
"1381",3,66,0.17646329365073
"1383",4,81,0.299006576404661
"1384",3.5,6,0.165319444444667
"1385",2.5,15,-0.000225745578295712
"1386",3.5,96,0.303681818181778
"1387",4,90,0.258059712774155
"1388",2.5,248,0.105086979042004
"1389",3,78,0.210764679124007
"1390",4,12,0.260076223115473
"1391",3.5,121,0.258060808920662
"1393",2.5,85,0.0810409009715333
"1395",3,14,0.212726866815133
"1396",4.5,26,0.308276648715
"1397",3.5,18,0.262960910277067
"1398",4,41,0.239932462565708
"1400",3.5,169,0.23786822082137
"1401",3.5,659,0.135961711775091
"1402",4,78,0.28279163209475
"1403",3,128,0.158189414888571
"1406",2,18,-0.171358024691433
"1407",4,87,0.271184338415872
"1408",3.5,45,0.176498674636666
"1409",2.5,48,0.218999726137613
"1412",3.5,618,0.238138578648001
"1413",4,412,0.204413522103389
"1414",3.5,144,0.161095110494391
"1415",3,40,0.111439269357946
"1416",2.5,216,0.117759797379612
"1419",2,41,-0.06945231845828
"1421",4,245,0.249225488707146
"1423",3.5,37,0.231643208023624
"1424",3,104,0.186923329596085
"1427",4,15,0.1970149946875
"1428",2.5,44,0.02391323528111
"1430",4,25,0.22646786934061
"1431",3,55,0.1878100391543
"1432",5,2,0.3569444444445
"1433",4.5,21,0.23365173217426
"1434",3.5,76,0.224848406032636
"1435",3.5,416,0.205223919730461
"1439",3.5,170,0.164373826820976
"1442",2,17,0.01267416298902
"1443",4,4,0.0519011544011833
"1444",3,276,0.191813011041047
"1446",3.5,143,0.140652973917251
"1447",3,108,0.10841991815
"1448",4,10,0.314490041208787
"1449",3.5,48,0.124973090354466
"1450",3,37,0.0172603528914792
"1451",3,48,0.176575116681867
"1452",3.5,13,0.145193198005643
"1454",2.5,6,0.2227889610391
"1455",4,5,0.273912837197667
"1457",4,3,0.25244349551425
"1459",4,85,0.177162377624135
"1460",4,23,0.324319413022111
"1461",3,81,0.1448569350607
"1462",4,1,0.299339415114
"1463",4,13,0.158571260163513
"1464",1.5,8,0.0868146278673064
"1465",3.5,125,0.206338627363822
"1466",3,63,0.113292886011753
"1467",4,71,0.262520918017923
"1468",2.5,3,0.124994810084125
"1469",4.5,108,0.253661492672983
"1470",3.5,100,0.0730328420070357
"1471",2.5,20,0.0755950428712445
"1472",2,44,0.0117624825020833
"1474",3,446,0.162093793947261
"1476",2.5,151,0.0899105871002132
"1478",4,128,0.320165359912286
"1481",3,11,0.204294947777086
"1482",2.5,38,0.177614247001455
"1484",4,1141,0.285341004943982
"1485",3,116,0.152947752016167
"1486",3,1224,0.145521435054604
"1487",2.5,73,0.0910798015986862
"1489",3,304,0.0576262146779285
"1490",4,90,0.0563214956611187
"1491",4.5,46,0.300766949063027
"1496",2.5,2,-0.001726190476192
"1497",4.5,41,0.320684407171427
"1499",4.5,153,0.270572567159766
"1500",4,832,0.21869965413099
"1502",4,11,0.380350083944
"1504",4,992,0.21047240616821
"1505",4.5,117,0.290879524918565
"1507",3,294,0.207307550175672
"1508",1.5,1,0.07580737125769
"1509",3.5,4,0.17018768731276
"1510",3.5,112,0.167010453838409
"1511",4,1,0.086875
"1512",3.5,15,0.308125
"1513",2.5,1,0.00555555555556
"1514",3.5,299,0.207243264500073
"1516",3.5,79,0.19643144887511
"1518",4.5,660,0.155246823331647
"1519",4,17,0.18095759517865
"1520",2.5,4,0.0181288930975714
"1522",2,21,-0.233333333333
"1523",3.5,121,0.18404002202259
"1526",3,10,0.166103896104
"1527",4,75,0.247452367295945
"1528",3,8,0.18494724164716
"1529",4,698,0.225537441366883
"1531",4,63,0.0421361187446214
"1532",3,85,0.161768110299355
"1533",4,164,0.262167053605929
"1535",4.5,25,0.2733341162552
"1537",2.5,28,0.0566670089087429
"1539",4,111,0.287130330440932
"1540",4,219,0.196974079751827
"1542",4,1234,0.249180322292808
"1544",4.5,2,0.225266858976425
"1545",3.5,184,0.189237022075724
"1546",3.5,480,0.238180548956879
"1547",3.5,1186,0.161405264893923
"1548",2,2,-0.0229222408376571
"1549",3.5,135,0.22436435607205
"1550",3,74,0.11225650126031
"1552",3.5,516,0.198728272513848
"1555",4,253,0.221290741911647
"1557",2,32,-0.00842416412798751
"1559",3,1,0.112852733686233
"1560",3,96,0.253995768420405
"1562",3,44,0.15378090077345
"1563",2.5,9,0.0274883552661556
"1564",3.5,199,0.192788271749756
"1565",3.5,19,0.24371290376287
"1566",2.5,2,0.1369231150792
"1569",2,7,0.0741910902052077
"1570",3.5,138,0.146812324936052
"1571",4,270,0.213792059199359
"1572",4,234,0.173197717883096
"1573",3,20,0.1937225078
"1574",4,72,0.2979420250243
"1575",4,54,0.200000168298259
"1576",4,313,0.206248211072129
"1577",3.5,23,0.225104472619977
"1579",3.5,53,0.227441975487808
"1580",3,75,0.136080025847862
"1581",3.5,48,0.252260887751116
"1582",2,20,0.113443932497325
"1583",3,71,0.132056094321194
"1584",3,24,0.1686652236652
"1588",3,25,0.049642857143
"1590",3.5,864,0.202140747601561
"1591",4.5,1324,0.254715637470422
"1592",4.5,6,0.13829390222554
"1594",3,7,0.114564973716614
"1595",3,48,0.129803760393048
"1596",3,13,-0.0340061558811333
"1597",3.5,114,0.0474979510738221
"1599",3,346,0.189200925963232
"1600",3.5,129,0.264415961708424
"1601",4.5,32,0.22558569550247
"1603",3.5,42,0.0115497493686783
"1604",2.5,21,0.153486382031613
"1605",4,175,0.207743135959034
"1606",3.5,145,0.222277746358033
"1608",4,70,0.238351746581338
"1609",4.5,17,0.124638845281714
"1610",3.5,3,0.1388376235728
"1611",3.5,140,0.204573727460834
"1612",5,14,0.336524761788394
"1613",3,20,0.138585923517443
"1614",3,190,0.174319936557248
"1615",4,2,0.318245710784337
"1616",4.5,24,0.296026932723429
"1617",3.5,146,0.220146251230773
"1618",1.5,10,-0.0135010196207833
"1619",2.5,41,0.0174531024531167
"1620",4,7,0.342531256221714
"1621",1.5,3,0.09986127667295
"1622",3,43,0.166126765876813
"1623",3.5,105,0.24370005693674
"1624",3,177,0.186208771060146
"1625",4,23,0.275477469994737
"1626",2,7,0.252268518519
"1628",4,10,0.48875
"1629",3,149,0.15382167910626
"1630",4,240,0.281690737177315
"1631",2.5,138,0.108184665730562
"1633",4,72,0.314074952897885
"1634",3.5,17,0.0868596681097667
"1636",4.5,23,0.248960771227558
"1638",4,29,0.261824927605746
"1640",3,10,0.0561507936508667
"1641",3.5,329,0.221602252493885
"1643",4.5,335,0.163856003300249
"1644",3,28,0.2221460556519
"1648",4,5,0.194957010582
"1652",3,65,0.157614729926379
"1654",4,65,0.268840780965396
"1655",3.5,25,0.124654774788685
"1656",3.5,116,0.223413323448603
"1657",4.5,7,0.170974025973967
"1659",3.5,807,0.152123029341552
"1661",5,45,0.34381026716518
"1662",3.5,46,0.171805455818247
"1663",1.5,2,-1.85037170771e-17
"1664",3.5,11,0.185895246773883
"1665",4,1,0.315491101491333
"1666",4,195,0.250022642065849
"1667",3.5,307,0.223494912362279
"1669",3.5,46,0.187699410628694
"1670",4,18,0.27004412253016
"1671",5,1,0.1975
"1673",3.5,36,0.230457772003879
"1674",3,6,0.217315388224186
"1675",3.5,19,0.0874496643354857
"1676",5,4,0.259556389123692
"1678",3,20,0.0347634704992925
"1679",4,41,0.283213176227973
"1680",3,23,0.164542339999426
"1681",3,73,0.162697312013184
"1682",2.5,10,0.121220464413944
"1683",3.5,15,0.09356921682815
"1684",3.5,1,0.0406396103896
"1685",2.5,95,0.153020759152021
"1686",3,10,0.199219328791991
"1689",2,7,0.0492777777776667
"1690",3,52,0.130827228681592
"1691",4,14,0.22626571970475
"1692",3,153,0.130150131130552
"1693",3.5,13,0.137496109555
"1694",3,57,0.152538881633961
"1695",4,63,0.181100686696627
"1697",4,17,0.350887511989722
"1698",3,357,0.176830523213732
"1701",4,184,0.211529693564632
"1702",2.5,31,0.04998665437876
"1703",2,114,0.107923702918079
"1704",2.5,72,0.185364864213196
"1705",2,21,0.06160714285716
"1706",3.5,52,0.0489396166587067
"1707",3.5,44,0.265802822226371
"1708",4,1138,0.310123619574349
"1709",4.5,14,0.29679468798495
"1710",4,406,0.248198992754859
"1711",3.5,85,0.140338254367798
"1712",2,5,0.0656487522892375
"1713",4,80,0.235124489206476
"1714",4,37,0.303879457671256
"1715",4,282,0.25806647952017
"1716",3.5,162,0.202383055650706
"1717",2,12,-0.0198474916283471
"1718",3.5,578,0.219703874649944
"1719",4.5,37,0.276715144476982
"1720",2.5,50,0.0805442474192238
"1721",2.5,234,0.147155677640156
"1722",3.5,89,0.154696041120773
"1724",4.5,73,0.288236449490167
"1726",3.5,108,0.173022878882737
"1728",2.5,26,0.1338888888885
"1729",2,10,-0.0344849774613222
"1730",3.5,47,0.158198909765762
"1731",3.5,184,0.266434232370274
"1732",4,212,0.2468037907741
"1733",4,2,0.142478505290983
"1734",3.5,14,0.311555424373727
"1736",4,75,0.178534994712004
"1738",4,148,0.245014267109675
"1742",3.5,138,0.216783064209179
"1743",2.5,4,0.09403856431052
"1745",2.5,35,0.0246074180449714
"1746",2,19,0.00848743622031667
"1748",4,2,0.31457010582011
"1750",3,10,0.08736293859665
"1751",4,4,0.114921202760725
"1752",3.5,45,0.136503880116843
"1753",4,38,0.204507621567087
"1754",2,1,0.100555753968142
"1755",3,28,0.132455359455333
"1756",3.5,368,0.142598874519793
"1757",3,171,0.187667433969879
"1760",3,20,0.113187488195533
"1761",3,38,0.171531771799814
"1762",5,1,0.125925925925933
"1763",3,56,0.161266372188959
"1764",4,107,0.242681079614193
"1765",3,52,0.107347826416923
"1766",4,26,0.22365566695234
"1767",4.5,789,0.17394815417615
"1768",2.5,8,0.107018518518633
"1769",4.5,112,0.31574781904481
"1770",3.5,23,0.230068143029918
"1771",2,8,0.1582908163265
"1772",3.5,18,0.208338678954582
"1775",4,45,0.268306228827375
"1776",4,840,0.137321070759958
"1777",2.5,14,0.0900880962838
"1778",4,84,0.319413473773371
"1782",3.5,546,0.258412653061767
"1783",3.5,212,0.177455738821109
"1784",3,44,0.171484701514562
"1786",4,13,0.210484492982
"1787",4,67,0.223575836359159
"1788",4,230,0.278908472871766
"1789",4,21,0.1670837038109
"1790",3,3,0.365625
"1791",3,52,0.081490767621313
"1792",3,5,0.194914965986425
"1793",3,16,0.127777777778
"1795",2.5,15,0.1197486772487
"1796",3.5,1,0.1007034632035
"1797",3,20,0.172144379623562
"1798",3.5,30,0.0892898648969714
"1799",3,325,0.190103735537905
"1801",3.5,4,0.1266828606441
"1802",4.5,168,0.250373522430273
"1803",4,16,0.110954105126796
"1804",3,2,0.126330500774911
"1806",4,22,0.0923119076688857
"1807",4.5,36,0.364311099913168
"1808",3.5,5,0.189340384322833
"1809",2.5,30,0.107936343959
"1810",4,4,0.170893485599386
"1812",2,3,0.289264560975
"1814",3,11,0.1319031924938
"1816",4,8,0.368130291005329
"1818",3.5,30,0.20155
"1819",4.5,26,0.228554093601683
"1821",3,29,0.0556893708144
"1822",3.5,340,0.239130961931547
"1823",3,112,0.112261340122293
"1824",3.5,11,0.184563257344508
"1826",4,68,0.223579867553071
"1827",3.5,50,0.153527460724459
"1828",3.5,24,0.14300652146676
"1829",4.5,17,0.174071306750182
"1831",4.5,42,0.358997113997129
"1832",3,83,0.208037237059292
"1833",4,1682,0.247584777332494
"1834",3,4,0.020648148148
"1835",3,36,0.156721918150351
"1836",3,5,0.110623762604633
"1837",3.5,18,0.191663318074757
"1838",4,5,0.135974094027611
"1839",3,15,0.137212432628973
"1840",4,6,0.1739944444444
"1841",3,40,0.181883314110378
"1843",3.5,547,0.151138075113953
"1844",2.5,8,-0.052025462962975
"1848",3,50,0.238480292768957
"1849",2.5,54,0.105633136887981
"1850",4,79,0.286477934150943
"1851",3.5,256,0.188681492168286
"1852",3.5,603,0.224866641624592
"1853",3.5,108,0.185120012152892
"1854",3,282,0.156369372850629
"1855",3.5,160,0.212252766538312
"1856",3,102,0.127091455955327
"1857",4,642,0.264919087782481
"1858",3,374,0.0971932215460027
"1859",3.5,107,0.0596983928157824
"1860",4,48,0.0706877421808369
"1861",3,32,0.125452441077375
"1862",3.5,148,0.21893942027143
"1863",3.5,32,0.164298033881639
"1864",3.5,188,0.264866956458452
"1865",4.5,437,0.281232083658515
"1866",3.5,368,0.241918954659308
"1867",3,94,0.0719264896224545
"1870",3.5,201,0.184906164664387
"1871",3.5,10,0.174395026126367
"1873",3.5,82,0.145506351440552
"1874",2,12,0.0826505545736714
"1875",3.5,75,0.137603620207485
"1876",3.5,218,0.210254804996335
"1877",2.5,60,0.149673202614333
"1879",3.5,151,0.135592121665918
"1881",3,316,0.166962953887023
"1882",3,364,0.137924233365534
"1883",3,9,0.055359394955425
"1884",3.5,142,0.190958056206151
"1886",3.5,79,0.238779972334019
"1887",2.5,5,-0.0570498930633
"1888",4,23,0.188099301597444
"1891",4,85,0.213195601436615
"1892",4,86,0.267965360877014
"1893",4.5,24,0.320212372239422
"1894",1.5,3,-0.0863174714329857
"1895",3.5,1,0.165476190476
"1896",3,58,0.0893779956426667
"1897",2.5,6,-0.0236990496624714
"1898",1.5,1,0.0221533250699667
"1899",3.5,768,0.242727314262056
"1901",3.5,7,0.162058494167875
"1902",2,4,-0.123562378167667
"1903",4,240,0.212801311824457
"1904",2.5,9,0.0953517101285
"1906",3,45,0.215083935052208
"1907",3,27,0.143216243762542
"1908",3.5,59,0.121775999980036
"1909",2.5,45,0.0624636516660325
"1910",3,15,0.1674935281637
"1911",3,73,0.111003114454029
"1912",3.5,78,0.240227137397968
"1913",3,18,0.0740233691152167
"1914",5,2,0.268281024531
"1917",3.5,43,0.169387588148996
"1918",4,18,0.304449691722571
"1919",3,400,0.14035216987061
"1920",4,15,0.357845638928911
"1922",2.5,5,0.192857142857
"1923",3.5,66,0.0904847821751727
"1924",3.5,77,0.218728664344029
"1926",3.5,14,0.217207753105482
"1927",3.5,69,0.219862531440069
"1928",3,27,-0.015300614965721
"1930",4,172,0.245220363957283
"1932",3.5,14,0.221116029436511
"1933",2,7,0.135689922832142
"1935",3.5,150,0.250899447706728
"1936",2,414,0.0614874054531469
"1937",2.5,1,0.0170454545455
"1938",3,468,0.154186762113098
"1939",3,204,0.1629035389511
"1940",3.5,73,0.182002621087202
"1941",4.5,10,0.180835238956917
"1942",3,63,0.136976361550837
"1944",4,11,0.368520171957667
"1945",4.5,4,0.398958333333333
"1947",4,64,0.245085515641567
"1948",3.5,108,0.218467108030231
"1951",3.5,171,0.23213604461035
"1952",3.5,43,0.261769050380692
"1953",3,432,0.142272717239931
"1954",3.5,385,0.21620815567295
"1955",2.5,13,0.0554231136797077
"1956",3,49,0.114973488013203
"1957",4,9,0.236559066859
"1958",3.5,68,0.1676592909001
"1959",1.5,14,-0.0334768318102667
"1960",4,228,0.289444303936462
"1961",1.5,27,-0.0203146631642176
"1962",3,24,0.098210617060675
"1963",4,4,0.302601250693006
"1965",3.5,8,0.29079424762345
"1967",3,9,0.168784722222175
"1968",3.5,130,0.187003263405979
"1969",3.5,338,0.238128038471221
"1970",4.5,348,0.266901957113597
"1971",3,4,0.1425623582769
"1972",3,4,0.0816435185187
"1973",3.5,7,0.041594608858
"1975",3,4,0.18133074312055
"1976",2.5,3,0.107972454133225
"1977",2,5,-0.035524755417
"1978",3.5,14,0.22409598184752
"1982",3.5,39,0.347732360341445
"1983",3,144,0.179286010216692
"1985",2,96,0.071797384550876
"1987",3,89,0.141972117064664
"1988",2.5,3,0.175175942884
"1989",2.5,7,0.12947464225575
"1990",3.5,652,0.190002528950231
"1991",4,132,0.195204780185017
"1992",2.5,28,0.2125
"1993",4,214,0.267390758812928
"1994",3.5,8,0.117134353741514
"1995",3,68,0.159997705217789
"1996",4,162,0.273044282106779
"1999",4,102,0.248723823877794
"2001",1.5,1,-0.191401560342473
"2002",4.5,37,0.28883994709001
"2003",3,7,0.131969003592017
"2004",3.5,308,0.254171710920947
"2006",3,114,0.115030600116287
"2007",1.5,3,-0.402777777778
"2008",3,24,0.145437752438133
"2009",3,166,0.195049343140536
"2011",4,916,0.188439476488537
"2012",4,17,0.263917515396511
"2013",4,190,0.25740437128714
"2015",4,100,0.261340698110081
"2017",3.5,207,0.260873220845957
"2018",3,61,0.15971314694873
"2019",4.5,1,0.3893055555555
"2022",4,276,0.23567501426388
"2023",3.5,12,0.21511323051948
"2025",4,39,0.221079198351
"2026",3,8,0.137298065949867
"2027",2.5,1,0.253321850107667
"2028",3.5,1300,0.242317757825391
"2029",3,29,0.152201932034317
"2030",3.5,669,0.182995498932839
"2032",4,45,0.234145241960952
"2033",4.5,4,0.143651996152067
"2035",4.5,8,0.238876488095
"2036",4,180,0.287345705923228
"2040",3.5,76,0.258073302234702
"2041",3.5,52,0.275296382909975
"2042",4,235,0.216899701806481
"2043",3,11,0.0183918629181444
"2044",4,38,0.199695279295671
"2045",4,50,0.217930759625212
"2046",4,19,0.172147287935907
"2047",2,11,0.0921023278018269
"2048",4.5,87,0.160814920603567
"2049",4,58,0.256617916956331
"2051",4,69,0.239719464130828
"2052",3,99,-0.0065237421485887
"2053",3,58,0.137566150674478
"2054",4,830,0.217143312750286
"2055",3.5,31,0.218256651595837
"2056",2,27,0.115823015873
"2057",3,392,0.169409878058988
"2058",2,46,-0.00893621594263632
"2060",4.5,42,0.253117094808507
"2061",4,12,0.38968621399177
"2062",3.5,72,0.248246318046028
"2063",3.5,53,0.225491091609523
"2065",4,232,0.287258792861435
"2066",2.5,13,0.147635541285343
"2068",3,12,0.235134470647609
"2071",4,3,0.0934343434343
"2072",3.5,29,0.152721181790088
"2073",3,73,0.137179190431985
"2075",3.5,8,0.253130507609742
"2077",3,71,0.180115113501594
"2078",3.5,27,0.251627258860909
"2080",4.5,34,0.331781763210286
"2081",3,80,0.203759092552193
"2082",4,12,0.295584456399538
"2084",4,262,0.254018448657605
"2085",3,150,0.157647232205685
"2086",2.5,18,0.206228956229
"2087",4,707,0.223412028349982
"2088",4.5,725,0.302278352692116
"2089",4,15,0.228226200824529
"2090",4.5,12,0.284185606060471
"2091",4.5,15,0.195195309467338
"2093",4,802,0.247279290440197
"2094",2.5,224,0.136513364406399
"2096",3,21,0.175766044165353
"2097",4,29,0.279457015032732
"2098",3.5,376,0.152003585754649
"2100",2.5,25,0.000770331233046664
"2101",3.5,34,0.141316846911784
"2102",4,237,0.21234764515041
"2103",4.5,1,-0.0761874699375
"2104",2.5,58,0.153386992142476
"2105",4.5,17,0.339216771225265
"2106",4,33,0.273117176402232
"2107",3,139,0.161627973424183
"2108",3,214,0.0987582257001812
"2111",2.5,21,0.0948251179989136
"2112",4,119,0.241532796482034
"2113",4,75,0.22777869887313
"2114",3.5,608,0.227685766317356
"2115",3,140,0.118606075647178
"2116",4.5,241,0.245622164958608
"2117",3,14,0.09874167652205
"2118",4,26,0.3401923754351
"2119",3.5,206,0.238205208267759
"2120",1.5,2,-0.0961507936508
"2121",4,109,0.207878219756925
"2122",4,160,0.293636760176145
"2125",3.5,23,0.252632211924022
"2127",3.5,12,0.143878333410002
"2129",3.5,16,0.220844947739722
"2132",3,55,0.147969978721219
"2133",4,775,0.248925787433665
"2134",3.5,51,0.244223598295038
"2135",2.5,110,0.130173300417047
"2136",4.5,22,0.221913671907023
"2137",4,28,0.244622759104042
"2138",3,4,0.218766477087767
"2140",4,3,0.263193282026667
"2141",2.5,41,0.162862462612688
"2142",4,338,0.291112319738927
"2143",2.5,54,0.138542742327258
"2144",3.5,448,0.221709493094388
"2145",3,552,0.177102346658246
"2148",1.5,1,-0.322361111111
"2149",2,1,-0.0838826297158667
"2151",3.5,4,0.240349348072675
"2152",4,16,0.33269207286213
"2153",4,53,0.229880476236211
"2154",4,4,0.16034842472335
"2155",2.5,9,0.2007389485513
"2157",4,48,0.176347077090732
"2158",3,65,0.178460852129244
"2159",4,115,0.255127216575045
"2160",3.5,104,0.169578080640547
"2161",4,27,0.223350914461607
"2162",3.5,38,0.215738990142279
"2163",2.5,7,-0.0916977132105194
"2164",3.5,74,0.124130924431766
"2165",2.5,33,0.0582139070044308
"2166",2.5,39,0.0404955478063331
"2167",3.5,34,0.3138527247324
"2169",3,10,0.209444444444667
"2170",4.5,41,0.194811288506477
"2171",3.5,4,0.18199675324675
"2172",5,4,0.355476888763714
"2174",4,49,0.259516515931208
"2175",3,15,0.0930059523809667
"2178",4,414,0.274425484711519
"2179",3,63,0.28952879041048
"2180",4,205,0.225217069248279
"2182",3.5,76,0.175739779381521
"2184",3.5,1632,0.16620032958221
"2185",4.5,4,0.36954491341975
"2186",3,9,0.0533653846153333
"2187",4.5,27,0.311736803848955
"2188",4.5,17,0.300387806638
"2189",4,60,0.221333723608206
"2192",2.5,1,0.237121212121
"2193",2.5,42,0.0977365421635636
"2194",3,365,0.142557726215197
"2195",4,48,0.277755900804772
"2197",3.5,405,0.233705819032631
"2198",3.5,180,0.126656546326822
"2199",3.5,31,0.327313111271517
"2200",2,3,0.000694444444450002
"2201",4,183,0.248432691349925
"2203",3,40,0.110048442786258
"2204",4,2180,0.27246941254501
"2205",3.5,57,0.201259179188937
"2206",3.5,210,0.187331622494693
"2208",3,17,0.220164718020058
"2209",1.5,8,0.0879464285715
"2210",3,63,0.0731247637943
"2211",3.5,1146,0.154921348935727
"2212",3.5,22,0.214270833333333
"2214",4.5,4,0.28033317872604
"2216",3.5,77,0.165807764836783
"2217",3,16,0.18967313188777
"2218",3,23,0.129752084335467
"2220",3.5,15,0.105595238095
"2221",3.5,101,0.181308627498526
"2222",3.5,183,0.233725140539127
"2223",3.5,370,0.256765396296222
"2224",4,311,0.205104157967683
"2227",3.5,8,0.261318849874544
"2228",3.5,188,0.209278147933659
"2229",4,89,0.195592744306777
"2230",3.5,68,0.221831772069404
"2231",3.5,61,0.258983549783714
"2232",3.5,31,0.0290461675997111
"2233",3,1,0.0481809856808
"2234",3.5,174,0.235550498798732
"2235",3,3,0.132381718810286
"2236",3.5,211,0.20224860036239
"2237",3,20,0.12745480599655
"2239",4,121,0.269330856860695
"2241",4,30,0.183304055834433
"2242",3.5,20,0.221996877136135
"2243",2.5,7,0.11027998236335
"2244",3,54,0.10731384648621
"2245",3.5,84,0.30255202901568
"2246",3.5,333,0.168299064771692
"2248",2.5,8,-0.152777777777667
"2249",3,7,0.269450330019778
"2250",2.5,26,0.0718662887763567
"2251",4.5,225,0.212087517104874
"2252",3.5,25,0.15908346109911
"2253",4.5,52,0.385078894732838
"2254",4,92,0.207293944929065
"2255",4.5,22,0.244634493882616
"2256",4,87,0.310268826462872
"2257",3.5,290,0.190013670845599
"2258",4,465,0.283420581779231
"2259",2,58,0.0412459507993194
"2260",4,9,0.25998917748925
"2261",4.5,65,0.29141422711349
"2262",3,7,0.271584656084612
"2265",4,204,0.264479130367792
"2266",4.5,60,0.238171262106677
"2267",4,6,0.235726039193667
"2269",3.5,289,0.220779676144418
"2271",4,3,0.25739286315541
"2272",3.5,563,0.16442192945507
"2273",3,192,0.112024870046607
"2274",2,49,0.11856568077758
"2275",4,6,0.232773919753
"2276",4.5,36,0.234060952932394
"2277",3.5,60,0.20843900467218
"2279",4,34,0.135347821718747
"2281",4,387,0.196456119602276
"2282",4,159,0.17731946403483
"2285",3,35,0.187878959327812
"2286",3.5,97,0.204404000566075
"2287",4,20,0.310689564030738
"2288",3,332,0.165667970679732
"2289",3.5,380,0.227803299114278
"2290",3.5,481,0.154599980179318
"2291",4.5,2,0.247928178847225
"2293",2.5,103,0.0754969667484348
"2294",4,104,0.267241395633633
"2295",3.5,15,0.0603485056611
"2300",3.5,46,0.266165465842499
"2301",3,68,0.135717478818116
"2302",3.5,104,0.166997220811267
"2304",3.5,36,0.0615893308080375
"2305",3,51,0.13210864609254
"2306",3.5,113,0.187171364837049
"2308",3.5,440,0.160584961751277
"2309",3,22,0.189411792065573
"2310",4.5,2,0.194696969697
"2311",3,165,0.269748273588147
"2312",3.5,132,0.271109644899625
"2314",3,70,0.0351215562592706
"2315",4,214,0.222973286869787
"2316",3.5,92,0.182382346712228
"2317",3.5,13,0.178978682382
"2318",3.5,3,0.215
"2319",3.5,83,0.201215776732287
"2321",4,9,0.312770838525275
"2322",3.5,320,0.204096690786265
"2323",4,380,0.228212543757549
"2324",2.5,272,0.151587932238984
"2325",5,6,0.314095117845078
"2326",4,151,0.278509008061787
"2328",2.5,4,0.2510866013072
"2330",3.5,56,0.0587463319279017
"2331",3,40,-0.00118187284683121
"2333",4,64,0.211468183088786
"2334",4,8,0.354078607590212
"2335",4,2,0.0800221603793334
"2336",3,2,0
"2337",3.5,72,0.130904513023958
"2339",3.5,58,0.223044262030942
"2341",3,6,-0.00348746260930375
"2342",4,61,0.244044154626271
"2344",3.5,456,0.263235008121502
"2345",2.5,70,0.0871016556909164
"2346",4,9,0.369026059615475
"2347",4,332,0.261260142294389
"2348",3,10,0.115786569397567
"2349",3.5,536,0.249946942460772
"2350",4.5,37,0.121057214813893
"2352",3.5,6,0.1564801460115
"2353",4.5,181,0.27565725885031
"2355",3,77,0.11503364192001
"2356",4,357,0.207118597459486
"2357",3,4,0.10210431697928
"2358",3.5,829,0.18867114564121
"2359",4.5,19,0.2609956072266
"2361",3,216,0.157033044339269
"2362",2.5,30,0.0234977207136755
"2363",3,118,0.121955162260842
"2364",4,14,0.285675619288087
"2365",4.5,78,0.208678354554671
"2367",4,29,0.0828920568575
"2368",3,114,0.0903930236040833
"2369",4,4,0.0493336139170667
"2370",5,2,0.07129637188206
"2371",4.5,65,0.298902555274444
"2372",3.5,110,0.176779290325538
"2373",4.5,44,0.2438733565816
"2374",3,2,-0.0487139917693333
"2375",4.5,4,0.3934166666666
"2376",3,46,0.138655633531286
"2377",4,6,0.2282487443404
"2378",2,21,-3.88317071959922e-05
"2379",3,1419,0.153516879031086
"2380",2.5,213,0.124016072669105
"2381",3.5,37,0.14185630145595
"2382",4,54,0.259809059781233
"2383",4,58,0.19779446559115
"2385",1.5,2,-0.02798659673655
"2386",4,177,0.285916061444944
"2391",3.5,6,0.111617344053075
"2393",4,30,0.183629805007532
"2394",3,316,0.118281906226759
"2395",4,296,0.194457591066871
"2396",3.5,89,0.195979062581009
"2397",3.5,694,0.264235363146465
"2398",3.5,5,0.1055161564626
"2399",3.5,103,0.210879381515058
"2401",3.5,164,0.222253380354771
"2402",3.5,49,0.238091940454248
"2403",2,4,-0.0543347537877667
"2405",2.5,111,0.144311116113586
"2406",4.5,19,0.344081772291541
"2408",2,3,0.0410714285714
"2409",3.5,62,0.08153510670815
"2410",3,59,0.13535341144501
"2411",3.5,187,0.224708446804708
"2413",3.5,124,0.198177088122369
"2414",3.5,285,0.246582819573681
"2415",2.5,1,0.0629464285715
"2416",3,431,0.210204354396162
"2417",3,20,0.0185403038319
"2419",2,6,-0.0356412595185938
"2420",4,129,0.221372797290484
"2421",3.5,41,0.186205787798822
"2423",3,197,0.166222897735666
"2424",3.5,12,0.18196742735925
"2426",3,10,0.149722222222333
"2428",4,90,0.261789332101972
"2429",3.5,4,0.219952300996
"2430",3.5,6,0.330464852607833
"2432",3.5,198,0.108626485506425
"2433",4,90,0.217228990734212
"2434",3.5,63,0.173597021350222
"2435",4,101,0.301009841328719
"2437",4,415,0.265963231862817
"2438",3.5,126,0.190661696855636
"2439",2.5,32,0.168905032263994
"2440",3.5,232,0.210685478022431
"2441",3.5,108,0.0968116095330919
"2442",2,14,0.1397128427128
"2443",4.5,318,0.230765986445095
"2444",3.5,1972,0.151596499538573
"2446",4,242,0.214665429143276
"2447",2,16,0.228888888889
"2448",3,702,0.120930581844139
"2449",3,576,0.110866247201023
"2450",3.5,13,0.174603025690953
"2451",3.5,15,0.246497579801252
"2452",4,29,0.081023580586046
"2453",4,3,0.208253450510333
"2454",3.5,274,0.127275502343606
"2456",4,17,0.185935501015078
"2457",3.5,169,0.215415383676992
"2458",4,232,0.246494167379479
"2460",3.5,2445,0.246843530160005
"2461",2.5,70,0.120564178127868
"2462",3.5,134,0.274280949149018
"2463",4,42,0.27330323782618
"2464",3.5,83,0.195343825143331
"2465",4.5,43,0.295595552210076
"2466",4.5,70,0.248766985785972
"2467",3,68,0.189668055941
"2469",3.5,6,0.113637047411578
"2470",4.5,93,0.206551546276067
"2471",4,31,0.26754522304773
"2474",5,10,0.312290343915167
"2476",3.5,306,0.183026519992405
"2477",4.5,12,0.280603698192246
"2478",3,3,0.271617965368
"2480",4,603,0.274372592949205
"2481",4,120,0.27068615311667
"2482",4,548,0.253983649424923
"2484",4.5,4,0.00744047619048
"2485",2.5,6,-0.1418005952381
"2486",3,25,0.11063974932566
"2487",3,118,0.235640807249786
"2489",4,140,0.295895336377356
"2490",4.5,76,0.279763071507684
"2491",1.5,5,0.01379990686741
"2494",2.5,3,0.213862179487075
"2495",4,15,0.218020076906078
"2496",4.5,13,0.357334320650217
"2497",3.5,43,0.231552337479551
"2498",4,101,0.268890358974593
"2499",3,69,0.138395932722986
"2501",3,350,0.241338486660041
"2502",2.5,17,0.0568724331223582
"2504",3.5,33,0.285867669735646
"2505",3,23,0.160138880979961
"2506",3.5,10,0.185133351869249
"2507",3,29,0.19067472342468
"2508",4,159,0.255792971043778
"2509",4,33,0.194494666475998
"2510",3,2,-0.0187425845759333
"2513",3,157,0.204764983147054
"2514",2.5,10,-0.04664792499155
"2516",3.5,140,0.131866512743113
"2517",3,288,0.193259011773265
"2518",3.5,165,0.21728513925055
"2520",2,4,-0.0883839824727
"2521",2,12,0.0799305555556667
"2522",2,43,0.099257298322972
"2523",3.5,121,0.216395729788243
"2525",3,64,0.2088002370375
"2526",4.5,3,0.356149867305375
"2527",3.5,243,0.198682552350498
"2529",4,142,0.268249742809812
"2530",3.5,58,0.162894964468939
"2531",3,17,-0.0644097222222
"2532",3,2,0.434836309523833
"2533",3,48,0.161437514773494
"2534",4.5,7,0.266877153104729
"2535",3.5,9,0.2382240901615
"2537",3,14,0.0260493827159533
"2538",3.5,10,0.246661273911339
"2539",3.5,1,0.19192050894425
"2540",3.5,204,0.173230564265364
"2541",2.5,72,0.0694669832276867
"2542",3.5,2,0.0617422065482429
"2543",3.5,71,0.21314038339069
"2544",3.5,35,0.199723811360723
"2547",3,33,0.04019510582
"2548",3.5,44,0.244555555555333
"2549",4,22,0.160427783121286
"2550",4,2,0.32176995947711
"2552",3,20,0.162069536027683
"2553",3,23,0.180794438261256
"2554",3,260,0.190092330148885
"2555",3,17,0.174488260582087
"2556",3.5,374,0.178576432470109
"2557",3.5,57,0.159578130122938
"2559",3.5,334,0.212972773182043
"2561",2,56,0.04545183982675
"2563",3.5,6,0.173556700244189
"2564",2,33,0.11173310563625
"2565",2.5,10,0.1036987036401
"2566",4,93,0.151094603033879
"2567",3,85,0.176533842306652
"2568",3.5,9,0.232006944444333
"2569",4.5,54,0.130484288404314
"2570",4,109,0.24112183238157
"2571",3,19,0.234716021825333
"2572",4.5,33,0.280393009138421
"2573",4,50,0.228394878012922
"2574",2.5,4,0.10428571428565
"2575",3.5,48,0.2939776060745
"2576",3.5,64,0.150420913576752
"2579",3.5,15,0.285841149591167
"2580",4,26,0.116160130551222
"2582",4,227,0.216869066919119
"2583",4.5,1,0.2081771170005
"2584",3,2,0.214913938492
"2585",3,7,0.0847122013790667
"2586",3.5,39,0.1146492714214
"2587",3,6,0.1596869047618
"2588",3,68,0.10741764793848
"2589",4,449,0.215050398097782
"2590",4.5,36,0.273135958313594
"2591",3,61,0.103352853878886
"2592",3.5,16,0.154069145845091
"2593",4,415,0.292234563267954
"2594",2.5,60,0.0999073847238519
"2596",3.5,26,0.224627955944286
"2597",4,1514,0.245279029819017
"2598",3,45,0.163186261007249
"2599",3.5,1419,0.176000466009357
"2600",4,60,0.180977931881223
"2601",4,98,0.268178460374644
"2603",4,186,0.213314155267806
"2606",3.5,801,0.164243543975731
"2609",3.5,11,0.318467746043583
"2610",4,39,0.23922012160865
"2611",3.5,99,0.223968056143082
"2612",4.5,5,0.272189754689857
"2613",4,304,0.223909406549582
"2614",3.5,84,0.211672730198197
"2615",3.5,58,0.202727980453078
"2616",3.5,2,0.10307062976712
"2617",3.5,373,0.180419326749522
"2618",2.5,29,0.16436120129871
"2619",4,33,0.240030355512844
"2621",3.5,8,-0.03039667508425
"2623",2.5,9,0.254166666667
"2624",4.5,12,0.22791630116964
"2625",4.5,2130,0.265209920224337
"2626",3.5,103,0.17037581443478
"2628",3,7,0.06531634539429
"2629",3.5,402,0.107145102758911
"2631",4.5,1,0.2073015873018
"2632",4,13,0.273228045040114
"2633",2.5,3,-0.147421817372629
"2634",3.5,71,0.225253047660292
"2635",5,4,0.3968214285715
"2636",3,13,0.146125750256233
"2638",4,18,0.344406121847333
"2639",3.5,133,0.240236014065173
"2640",4.5,17,0.25169118508619
"2641",3.5,56,0.146865110882227
"2642",3.5,15,0.135637626184982
"2645",4.5,67,0.34172531998998
"2646",4.5,552,0.270552168361002
"2647",3,44,0.135397655738623
"2649",3.5,2,0.08256010684038
"2651",4,22,0.238231147506133
"2652",3,16,0.234387040238536
"2653",3.5,442,0.198823137330018
"2654",3.5,20,0.344940087146
"2655",3.5,271,0.228793001881543
"2656",3,11,0.229405668438591
"2661",2,7,-0.1408325785025
"2662",4,437,0.243183433052198
"2663",3,53,0.125327334950866
"2664",3.5,10,0.123915949322871
"2665",2.5,135,0.0898479779558096
"2666",3,3,0.13971794871802
"2667",3,20,0.0674970372100643
"2668",4,174,0.271173290708175
"2669",4,513,0.223047859087369
"2670",3,26,0.108818050688233
"2671",2.5,40,-0.0397196361494733
"2672",5,1,0.354917929293
"2673",4,858,0.238744517347402
"2674",3.5,42,0.183322024334311
"2675",3.5,37,0.098930719941356
"2676",4.5,356,0.303610966422001
"2677",4.5,6,0.204715107196825
"2679",4,244,0.258964291315542
"2680",3.5,342,0.194625330889728
"2681",3,21,0.357983217592333
"2683",2,7,0.024624368686875
"2684",4,138,0.299901686946636
"2685",4,478,0.272276934029514
"2686",3.5,2,0.36519387755102
"2687",3.5,84,0.2586276010093
"2689",4,56,0.234013440115535
"2690",4,8,0.27520833333325
"2691",4,2,0.270740327381
"2692",4,65,0.273184298798983
"2694",4.5,50,0.324210663088507
"2695",3.5,663,0.187094191793685
"2697",4,486,0.174792276323966
"2698",4.5,205,0.263729806587198
"2699",3,15,0.0647917514585
"2702",4,13,0.285186425264625
"2703",3.5,39,0.110110297050233
"2705",5,5,0.168573586631588
"2706",3.5,53,0.180456638756053
"2707",3.5,276,0.216409622798339
"2708",3.5,260,0.209368977128823
"2709",3,142,0.136275001552668
"2710",4.5,3,0.2476365036105
"2711",4,594,0.234886408714623
"2712",4,106,0.283127474829556
"2713",2,15,0.0314060498584909
"2714",4,388,0.231425066387077
"2715",3,212,0.101537508256675
"2716",3.5,18,0.11855285917788
"2717",3.5,91,0.210618007215364
"2718",3.5,2,0.08009672619035
"2720",3,8,0.1184361645299
"2722",4.5,55,0.318680736592103
"2723",2.5,4,0.3595833333335
"2725",4,144,0.271113527223307
"2726",3,57,0.143884280143361
"2727",2,20,0.105040403535233
"2729",3,146,0.173508634396517
"2730",2.5,135,0.139491162317033
"2731",4.5,2,0.261298701299
"2733",3.5,19,0.194419783626099
"2736",3.5,430,0.136272218985271
"2737",3,138,0.218572737763874
"2738",3.5,22,0.237973182075865
"2741",2.5,1,0.0600396825397
"2743",3.5,369,0.165577683179926
"2744",4,265,0.23885022903101
"2747",4.5,4,0.37873015873
"2750",3.5,32,0.177744538181386
"2751",3.5,302,0.258404509430702
"2752",4,180,0.261813809625565
"2753",4.5,38,0.295126964795627
"2754",4,242,0.271912284385547
"2755",3,14,0.00109319440954286
"2756",3.5,48,0.245649792647993
"2757",4,205,0.206960006287799
"2758",5,3,0.30497882879
"2759",2.5,12,0.0198530461581889
"2760",2,10,0.0493275790973
"2761",4.5,114,0.174138603683982
"2762",3,16,0.213265918109733
"2763",4,96,0.207187692832717
"2768",4,352,0.227520853591584
"2769",3.5,2274,0.191721952210734
"2770",3,38,0.183474509286983
"2771",1.5,6,-0.207967171717233
"2772",2.5,1,-0.005769230769
"2773",3.5,356,0.23878145582132
"2775",2.5,19,0.152197224442705
"2777",3.5,466,0.205340433114497
"2779",3.5,4,0.194360498958723
"2780",3.5,24,0.179874514881278
"2781",3,48,0.101911566020183
"2782",3,12,0.198951753471345
"2785",4.5,76,0.288027495958722
"2786",3.5,180,0.110013306530162
"2787",4,12,0.21425923847074
"2788",3.5,9,0.0791666666667
"2789",4,27,0.246105497176167
"2790",4.5,9,0.262746532104569
"2791",3,154,0.192376737281857
"2792",4,10,0.263439153439333
"2793",3.5,8,0.224256834125762
"2794",4,57,0.2691968878659
"2797",3.5,12,0.2243679012346
"2798",3.5,41,0.183090197535679
"2799",4,584,0.264515654805833
"2800",3,1,0.013718027211
"2801",3.5,67,0.2105890197603
"2802",2,35,-0.0329000206143
"2803",2.5,51,0.114016132080989
"2805",4,263,0.203877892220406
"2806",3.5,132,0.217657729963341
"2807",3.5,51,0.188844509939217
"2808",4,2,0.315753051346817
"2809",3,13,0.10791581784225
"2810",4.5,14,0.372794642857125
"2811",2.5,13,0.2086416863396
"2812",3,14,0.1478436521235
"2814",3,2,0.155873640856967
"2815",3.5,24,0.194672198130858
"2816",3,51,0.0689799442771889
"2817",4,55,0.282362920912904
"2818",4,121,0.101469815720477
"2820",5,1,0.244481969386333
"2821",3.5,51,0.29127982131409
"2822",4,559,0.192021151665477
"2824",3,202,0.152328863708084
"2825",4,1952,0.314305345740671
"2827",3.5,12,0.17486723201575
"2828",3,3,0.0993662818661
"2829",3.5,69,0.21540804062
"2830",3.5,63,0.187679050268894
"2831",4,268,0.28744499986609
"2832",4,34,0.07234236365484
"2833",3.5,17,0.300182505573163
"2834",2.5,66,0.134129535348595
"2835",4,1926,0.183416607101947
"2836",3.5,47,0.285106340357295
"2837",3,40,0.145828357814408
"2838",3.5,4,0.117735358313323
"2839",3,56,0.208383299112016
"2840",3.5,14,0.226050735529911
"2841",4,13,0.199064895479429
"2843",4,295,0.260113971315937
"2844",3,47,0.134914802789708
"2845",4.5,16,0.329010971055
"2848",4,85,0.236629241612571
"2849",3,8,0.20007112533196
"2850",3.5,4,0.166076388888925
"2852",4,5,0.23289884030225
"2853",4,266,0.231363082309638
"2854",4.5,10,0.34603426067395
"2856",3,226,0.187245017169668
"2860",3,4,0.0101324039717029
"2861",3,26,0.0516837292916
"2863",3,295,0.169377621148734
"2865",3.5,15,0.271633597883597
"2866",4.5,31,0.24716524690348
"2867",3,36,0.0937193607778583
"2869",3,127,0.202108653059183
"2870",3,187,0.126948905222595
"2871",4,62,0.240314525715217
"2872",3,94,0.161957468406206
"2873",5,8,0.391457946815
"2875",3.5,36,0.130911049141925
"2876",4,98,0.275275876675038
"2877",4,250,0.191270560005193
"2879",3,10,0.00350003391666664
"2880",3.5,144,0.233573418537272
"2881",4,93,0.210376025692139
"2882",4,49,0.285430818638475
"2883",1,20,-0.0786124889770333
"2884",4,236,0.283287764365283
"2885",4,13,0.3373214285715
"2886",2.5,24,-0.128562843406583
"2887",3.5,94,0.199163089468786
"2888",4,16,0.197038887360144
"2890",3,56,0.159492568035763
"2891",3.5,223,0.143791597548312
"2892",4,429,0.253076295437947
"2893",4.5,27,0.321371181876231
"2894",4,37,0.282338760622113
"2895",4,900,0.228240381534469
"2897",4,640,0.261480053809225
"2898",1,30,0.06262626262645
"2899",4,13,0.28078082812256
"2900",3,49,0.05409054834054
"2901",4,349,0.19217403322531
"2902",1,14,-0.303673039923
"2903",3,12,0.0540578467498571
"2904",3.5,14,0.205748455779347
"2905",2.5,1,-0.0227776020608572
"2906",3.5,312,0.17417468747715
"2908",3.5,25,0.216834597534712
"2909",4.5,264,0.285538597571735
"2911",3.5,3,0.204713619713667
"2913",3,4,0.22041666666678
"2914",3.5,888,0.197640493160503
"2915",3.5,267,0.280312833632348
"2916",3,64,-0.0478667340613587
"2918",4,37,0.290167936176474
"2919",2.5,14,-0.0309034219750286
"2920",4,16,0.201484900574883
"2921",3.5,14,0.21447460718305
"2922",4,45,0.24190560702427
"2923",3.5,100,0.173736602301172
"2924",4.5,9,0.193333333333
"2925",3.5,590,0.269311554140522
"2926",3.5,112,0.166653486363811
"2928",4,7,0.193737609267875
"2929",4,76,0.293407106062649
"2931",4,249,0.281206189637848
"2933",3.5,5,0.158871426705373
"2934",4,19,0.2386870763944
"2935",3,45,0.137571430639204
"2936",2.5,118,0.0613057549125258
"2938",3.5,17,0.0879372594997133
"2939",2,21,0.101702780354575
"2941",2.5,75,0.153825671768822
"2943",2.5,46,0.041496960741227
"2944",4.5,7,0.3830086099086
"2945",2,24,-0.00462890407029286
"2947",4,15,0.400729677729667
"2948",3,67,0.223503480312792
"2949",4.5,37,0.269425327990533
"2950",3.5,139,0.175358419585866
"2951",3.5,118,0.230412184350189
"2952",4,15,0.360344904031658
"2953",3,12,0.209063569001286
"2954",3.5,135,0.203184566759345
"2955",2.5,24,0.121623600908217
"2958",4.5,1,0.108636363636
"2960",4,25,0.151657515256267
"2961",3,174,0.131348895210146
"2962",4,90,0.253584677862063
"2963",3,448,0.156684226354248
"2964",2,30,0.0758828463204
"2965",4,14,0.1533333333335
"2966",2.5,26,0.2130281765018
"2967",3,34,0.170426928891286
"2968",2.5,172,0.132323090217439
"2969",3,180,0.118635196810419
"2970",4,10,0.0996718864157025
"2971",3,75,0.121756959927104
"2972",3,2,0.180096726190575
"2973",4,168,0.255420472327275
"2974",3.5,21,0.213032392658922
"2975",3.5,21,0.192056452532733
"2976",3,65,0.209837218909522
"2977",4,171,0.261631538518013
"2978",3.5,30,0.196517857142846
"2979",4,18,0.247379962104067
"2980",4,129,0.21486453870829
"2981",3.5,564,0.250564487740912
"2982",4,48,0.271338803135597
"2983",4,94,0.28270914386541
"2984",2.5,48,0.144103765490973
"2985",2.5,522,0.134562154225798
"2986",3,24,0.0207587782589
"2987",4,30,0.135812359812323
"2988",4,217,0.219652669479722
"2989",3,28,0.19701983625955
"2991",3.5,338,0.186299115951613
"2992",4,7,0.206337243003922
"2993",3.5,148,0.207582779557937
"2994",3.5,44,0.204123815267966
"2995",3,5,0.154417989418
"2999",3.5,3,0.1055640074211
"3000",2,28,-0.020617573199965
"3001",1,6,0.0560754939504925
"3002",3,1,0.13133601190475
"3003",4,83,0.13055070700691
"3005",2,6,0.0095075757575
"3006",2.5,8,-0.0956944444446
"3007",3.5,197,0.221056346260765
"3009",3.5,325,0.205095447010032
"3010",3,10,0.0981481481481
"3011",4,39,0.199299963314005
"3012",3.5,242,0.266157769114585
"3014",3,112,0.132528537503244
"3017",3.5,128,0.212775506989533
"3018",4.5,7,0.279583697077533
"3023",4.5,4,0.26699638805375
"3024",3,43,0.223119944622166
"3026",4,5,0.1732854973974
"3027",3.5,2,-0.0153846153846
"3029",3.5,1,0.360277777777667
"3030",4.5,23,0.162838745242213
"3032",3.5,42,0.210730801478922
"3033",3.5,336,0.221105286129076
"3034",3.5,33,0.127336270215885
"3035",4.5,7,0.177530438311575
"3036",4,31,0.155914020846388
"3038",4,28,0.181256105006
"3041",3.5,3,0.394679600235033
"3042",3.5,589,0.183106769162871
"3044",2.5,5,-0.03002189939664
"3045",4,206,0.224854566598179
"3048",2.5,21,0.1491303796512
"3049",3.5,21,0.205557333393785
"3051",3.5,8,0.400919312169233
"3054",4,4,0.048621031746
"3055",1.5,5,0.06738095238095
"3056",1.5,7,0.00764930902427692
"3057",4.5,4,0.390072810374125
"3059",3.5,289,0.159071244517388
"3062",4,14,0.26442102537976
"3063",3.5,34,0.204704674191797
"3064",3,111,0.210192284541963
"3065",3.5,13,0.2156670692433
"3066",3,44,0.134618236305537
"3067",2.5,120,0.073716715793561
"3069",2.5,2,0.0460342498432671
"3071",4.5,8,0.26567132034642
"3072",4,122,0.220170314186553
"3075",3,666,0.153199776596057
"3078",4,11,0.5325424182298
"3079",1.5,5,-0.147953479269258
"3080",4,20,0.217082923759529
"3081",4,76,0.253222240402695
"3082",3,10,0.0786969304443579
"3083",3,28,0.246480859734
"3084",4,485,0.255061043763589
"3085",3,135,0.120168401721483
"3086",4,35,0.206242565590049
"3087",3,14,0.117771464646583
"3088",4,56,0.264586885812505
"3090",3.5,34,0.201817269697491
"3091",3.5,454,0.194131818053525
"3092",3.5,17,0.273214285714
"3093",3,6,0.239157855861975
"3094",3.5,61,0.208472635331645
"3096",4,156,0.183588858051095
"3097",3.5,9,0.232592898517319
"3100",3,113,0.154356818595842
"3101",3,65,0.0889897513411333
"3102",3,3,0.0311507936507667
"3103",3,100,0.168142045629833
"3104",3.5,150,0.20583232632656
"3105",4,19,0.185614438507771
"3106",4,72,0.271636987032383
"3107",3,17,0.1691149436983
"3110",4,301,0.296150363200219
"3111",4,314,0.206214748815887
"3112",3.5,253,0.148253537974057
"3113",3,156,0.129642013823808
"3114",3.5,5,0.00961538461538
"3117",2.5,10,-0.03071428571418
"3118",3.5,292,0.212861707184201
"3120",3,8,0.251666666666667
"3122",4,15,0.23221845556405
"3124",3.5,482,0.236766223713788
"3126",2.5,6,0.14977089947096
"3127",3,36,0.140834650597113
"3128",3,90,0.171431823005714
"3129",3,316,0.11818496285743
"3130",2.5,32,0.117958464658943
"3131",3,330,0.0956683204733158
"3132",3.5,68,0.205215030361046
"3133",3,1,-0.130833333333333
"3134",4,60,0.231209729285198
"3135",3,45,0.0651554455127205
"3136",3,65,0.164326749443189
"3139",3,41,0.161800798060143
"3140",4,102,0.299045106387593
"3142",3.5,603,0.232090717002161
"3143",4.5,18,0.242266973724032
"3144",3,60,0.0405937667226348
"3145",3.5,87,0.145002598551404
"3146",4,52,0.362639282014375
"3147",3,20,0.0477530185864111
"3148",4,90,0.284720753354944
"3150",3,1466,0.17908041089166
"3152",4,85,0.239121408983879
"3153",2,24,0.0691815898819889
"3154",3.5,8,0.237189423338821
"3157",3.5,63,0.150435158049424
"3158",4,8,0.199735685941125
"3161",3,540,0.157598358311364
"3163",3,40,0.1599124276891
"3164",3.5,178,0.216821868168433
"3165",4,80,0.227577283860452
"3166",4,10,0.272473990499118
"3168",4.5,3,0.312240598627
"3169",3.5,258,0.14042038701654
"3170",4.5,156,0.242669457279261
"3171",2.5,356,0.162571068233306
"3172",3,111,0.175468932480435
"3173",2.5,14,0.0427495144788571
"3174",4,431,0.263545097806889
"3175",3.5,16,0.0413380036357667
"3176",3,1,0.0708333333335
"3177",3.5,50,0.236406627005582
"3179",4.5,42,0.340113035876505
"3180",3,24,0.25662202380925
"3181",2.5,36,-0.017957151504475
"3182",4.5,74,0.292268096332312
"3183",3,467,0.161180962387395
"3184",3.5,218,0.176147909758992
"3185",3,144,0.209196195285776
"3186",3.5,68,0.206430381686541
"3187",4,236,0.268099390564911
"3190",3,6,0.08491815476185
"3191",4,64,0.250319274302589
"3192",4.5,3,0.259997564935
"3193",4,56,0.248596984872543
"3194",3,156,0.144452819216071
"3196",4,525,0.252710947807355
"3197",2,2,0.143818450068467
"3198",3.5,4,0.198277122183275
"3200",3,66,0.14735121262663
"3201",4,91,0.269899646653428
"3202",3,146,0.103157887621916
"3203",4,56,0.172523554295214
"3204",4,26,0.23049895928328
"3205",4,130,0.240212443949598
"3206",3,11,0.181199463118633
"3207",1.5,6,-0.137230017006625
"3208",2.5,35,0.0354206236366952
"3209",2.5,2,0.0655124338623333
"3212",3,1,0.0763774474007
"3213",3.5,71,0.16886365549988
"3214",4,285,0.24479798883085
"3215",4,33,0.186835696624456
"3216",2,5,-0.136798800479362
"3217",3,46,0.190254934982447
"3218",3.5,332,0.201982557077541
"3219",3,113,0.125981037892792
"3220",3.5,41,0.148545725108185
"3221",3.5,20,0.21595848634712
"3222",4,267,0.267059226029201
"3223",3.5,6,0.06628983285238
"3224",3.5,58,0.15598417324573
"3225",4,2,0.3038541666665
"3226",3,83,0.121727506805527
"3227",1.5,2,0.0546957671958
"3228",3.5,6,0.174740675990625
"3233",3.5,19,0.293794294436931
"3234",3.5,15,0.34
"3235",3,130,0.171006877701502
"3236",3.5,357,0.194795358679967
"3237",2,14,-0.0216131397462343
"3238",4,110,0.253379208808841
"3239",3.5,10,0.178556124010664
"3240",3.5,18,0.25667052469135
"3241",3,1,0.0715509688724
"3243",3,203,0.155676304824999
"3244",4,112,0.271872597096271
"3245",4.5,5,0.173913043478
"3246",4,129,0.250600942573474
"3248",4.5,1,0.18551010101016
"3249",4,289,0.214754865125326
"3250",3.5,10,0.236164093362073
"3252",3.5,110,0.186429847680583
"3254",4,18,0.308971461082656
"3255",3.5,106,0.188533659860147
"3257",3.5,1,0.3167676767678
"3258",3,246,0.207686221977553
"3259",3,194,0.162807201626806
"3260",2,5,0.12627164502185
"3261",3.5,100,0.107294609692683
"3262",2.5,7,-0.0872548810616725
"3264",4,66,0.240970020777284
"3265",2.5,247,0.170495438270233
"3266",3,16,0.256497589383836
"3267",3,16,0.09745144370866
"3268",4,131,0.0832862759908756
"3269",3.5,27,0.203155038565793
"3270",3,15,0.216498619115264
"3271",3,199,0.16547960928147
"3272",3.5,25,0.261946696272469
"3273",3.5,21,0.212295786407859
"3274",3,1,-0.0511071258988833
"3278",4,12,0.27374909182895
"3279",3.5,4,0.334781037415
"3280",3,18,0.07076982017755
"3281",4.5,7,0.374579851090317
"3282",3,137,0.0997519584400778
"3283",3,284,0.0835037470511702
"3284",3.5,25,0.246867842599682
"3285",3.5,9,0.249664521267757
"3287",4.5,76,0.234196948593191
"3288",3,22,0.106771404683225
"3289",3.5,79,0.195891207505202
"3290",4,56,0.231046594518864
"3291",3,60,0.0443966202642765
"3293",3.5,934,0.213636689644448
"3294",3.5,43,0.160087720214469
"3297",3.5,45,0.251560567380361
"3298",2.5,74,0.227773462065091
"3299",3,157,0.209357479011604
"3300",3.5,188,0.158264497696337
"3301",3.5,7,0.0226488095238
"3302",4,91,0.222969285571653
"3303",3.5,29,0.241777848592507
"3304",4.5,444,0.284651843084375
"3305",2,6,-0.0188131313131433
"3306",2,57,0.069796507019568
"3307",2,6,-0.29875
"3309",4,104,0.280638952045628
"3310",3.5,174,0.235830936619827
"3312",4,113,0.23162651753299
"3313",3.5,383,0.265319816638359
"3314",2,26,0.05123130366654
"3316",5,3,0.2812957988982
"3318",4,38,0.347062847534375
"3319",4,65,0.221533651772787
"3320",2.5,7,0.158150953984367
"3321",2.5,155,0.09469267985191
"3322",4,37,0.273718436969606
"3323",3.5,194,0.14745961264627
"3324",3,12,-0.029514567223
"3325",2.5,81,0.118296339554187
"3326",4,90,0.244903611634658
"3328",4,707,0.231247740396875
"3329",3.5,53,0.146581191005751
"3330",2,274,0.0547464783804696
"3331",3,76,0.3377380952385
"3332",3.5,698,0.173802769258414
"3333",3,50,0.145594135238531
"3334",3.5,558,0.168867662121368
"3335",4,336,0.198881838001338
"3336",5,3,0.44032828282825
"3338",4,196,0.182058816526334
"3341",3.5,286,0.238183755138542
"3342",3.5,132,0.25276304843924
"3343",4,9,0.256875
"3344",3.5,226,0.16399674137439
"3345",4,37,0.275989563586011
"3347",3.5,18,0.0779261148904428
"3348",3.5,52,0.24345761751808
"3349",4,26,0.262682290432367
"3351",3,22,-0.06539386209025
"3353",4,128,0.279332340026768
"3354",4,5,0.179252314557793
"3355",4.5,7,0.280361293781517
"3356",4,1039,0.263360115355811
"3357",3.5,6,0.284058264652
"3358",2.5,4,0.0458800304633585
"3359",4.5,48,0.239311213053067
"3360",3.5,34,0.191633242291343
"3361",2,3,-0.043876933349075
"3363",3.5,11,0.330189393939
"3364",3,19,0.0797015578484
"3365",3.5,155,0.200753384716222
"3366",1.5,11,-0.0621524139959
"3367",3,84,0.128408129766713
"3368",4,441,0.182965489541767
"3369",3.5,143,0.248615803636578
"3370",4,2,0.1112697510824
"3371",4.5,3,0.342920875421
"3372",3.5,37,0.114235697635614
"3373",2.5,7,0.07912433862438
"3374",3.5,358,0.258970774177912
"3376",4,58,0.284287749769625
"3377",2.5,27,0.0217663991378909
"3378",3,13,0.202409418313267
"3379",3,25,0.0856744743617923
"3380",4,95,0.267735369267987
"3381",3,8,0.17371879942866
"3383",3,57,0.216275223968327
"3384",4,42,0.256013795961163
"3385",3.5,15,0.164032473258622
"3386",3.5,28,0.15488095238095
"3387",4,10,0.0955001556940357
"3389",3,65,0.191487019465542
"3390",2.5,4,0.1691619674185
"3392",4,23,0.166149432471364
"3393",4,48,0.374835464432667
"3394",3.5,37,0.214694621100078
"3395",3.5,50,0.177855419055792
"3396",4,515,0.188927625714742
"3398",2.5,43,0.0977793748568416
"3399",4,201,0.245504635702934
"3400",4.5,6,0.231026510443975
"3401",3.5,228,0.1719164537124
"3402",2.5,45,0.0494270833334125
"3403",3,48,0.130092288183227
"3405",3,4,0.139523809524
"3406",4,64,0.18421744376485
"3407",3,25,0.11268935304893
"3408",4,142,0.343298959435609
"3409",3.5,12,0.2209058126617
"3410",3.5,58,0.213218505702053
"3411",3.5,184,0.195518357286072
"3413",3.5,5,0.0830402420709143
"3414",4.5,463,0.298710658343023
"3415",4,403,0.219369784109291
"3416",3.5,6,0.190398060933857
"3417",4,16,0.0421921921922
"3419",3,21,0.123103012159967
"3420",4.5,11,0.307613774706894
"3422",4,208,0.273910665580934
"3423",3.5,51,0.143558926553977
"3424",4.5,4,0.12048273208255
"3426",4,135,0.244335595054388
"3427",3.5,27,0.118421376345982
"3428",4.5,39,0.255376790182632
"3429",4,15,0.3035063732564
"3430",3.5,4,0.0486111111111
"3432",3.5,83,0.221582695211511
"3433",4,261,0.243169806212892
"3434",4,40,0.178389732474734
"3435",2,1,0.354761904762
"3436",2.5,30,0.07332177292385
"3437",3,149,0.156322248381018
"3438",4,20,0.3178549082496
"3439",2.5,33,0.0684658771374556
"3440",3.5,52,0.211113777241009
"3441",2.5,5,0.0469956355596
"3442",5,2,0.125918367347
"3443",3,61,0.190916141628912
"3444",3,41,0.124546645892294
"3445",4,214,0.195235337629483
"3446",2.5,20,0.0853388762912317
"3449",3.5,176,0.270520434513841
"3450",3,8,0.144288416009286
"3452",3.5,816,0.223481492434604
"3453",4,54,0.2983005756579
"3455",3.5,189,0.163797433592183
"3457",1.5,18,-0.153401132324711
"3459",3.5,4,0.310857142857
"3460",2,20,0.03042165149155
"3463",4,17,0.172772690981156
"3465",4,447,0.26171068624588
"3466",2,66,0.0515560052328296
"3467",2,1,-0.143055555555557
"3468",4.5,27,0.25601943348555
"3469",3,114,0.132573023148633
"3470",4.5,29,0.230516822404959
"3471",4,26,0.0800783629949555
"3472",3,17,0.14071564153447
"3473",3,78,0.145051523689398
"3475",4,1,0.243548250691
"3476",3,184,0.261853901586459
"3477",3.5,155,0.236911230876528
"3478",3.5,24,0.2334793737059
"3480",4,759,0.239537243206852
"3482",2.5,6,0.09723105645966
"3484",1,9,-0.068288739106725
"3485",2.5,209,0.103507363173785
"3486",3.5,71,0.220654650267795
"3487",3,15,0.253145883523254
"3490",4,22,0.388725490196
"3491",3.5,20,0.202946212657556
"3492",3,384,0.179488277209824
"3494",3,53,0.175299727169825
"3495",4,46,0.19773810100571
"3496",4.5,16,0.3775
"3497",4,268,0.256886733257185
"3498",3.5,1294,0.168163934970718
"3499",4,8,0.304288369616431
"3500",4.5,4,0.2660837301588
"3501",2.5,254,0.118912902886963
"3502",4,34,0.232190730363763
"3505",4.5,51,0.295634082069637
"3506",4.5,15,0.262566960617667
"3507",4,1,0.192395813250867
"3508",3,54,0.178001698629916
"3509",4.5,924,0.282139107768765
"3510",3,46,0.0620193609628946
"3512",4.5,282,0.202091634778842
"3513",2.5,15,0.00261885309671666
"3514",4,112,0.220095815183668
"3515",3.5,190,0.238953115125547
"3516",4,40,0.270912241476271
"3517",4,401,0.283641746929
"3518",4,48,0.222650162337669
"3519",3,8,0.161627723740975
"3520",1.5,12,-0.110379130006986
"3521",3.5,67,0.200238913097865
"3523",4,24,0.242151588719407
"3524",4,31,0.308494133307813
"3525",4,20,0.210636335243961
"3526",4.5,32,0.298349913461056
"3527",3.5,10,0.0638821224311385
"3528",4,1,0.1595960903026
"3529",4,43,0.239695532986741
"3532",2.5,14,0.0344632899696429
"3533",2.5,12,-0.0625
"3534",4,6,0.20073572918316
"3535",4.5,3,0.301590909091
"3537",3.5,78,0.153731019785309
"3538",3.5,44,0.168754719032307
"3540",4,87,0.26883133858071
"3541",4,133,0.25456055301316
"3542",4,27,0.274563686360148
"3543",3,2,0.167675811545238
"3545",3.5,2,0.12717467403624
"3546",4.5,9,0.4113824194325
"3547",4,30,0.183095538720558
"3549",4,5,0.0281661520857167
"3550",4,26,0.0850399531545
"3553",4,43,0.151893119843135
"3555",3.5,12,0.172455674040337
"3557",2.5,2,0
"3559",2.5,24,0.126538374819787
"3560",4,60,0.269836107958133
"3561",4,54,0.100502382526044
"3562",4,430,0.276314466493914
"3565",3.5,28,0.106972763686582
"3566",2.5,7,0.108552188552167
"3567",3.5,17,-0.0135827180756818
"3568",3,152,0.198589979704711
"3571",3,30,0.105365247331859
"3573",3,4,0.25958333333335
"3574",3.5,24,0.155917646559077
"3575",2.5,4,0.14134920634925
"3577",2.5,40,0.115328478468326
"3579",4,398,0.273628532679854
"3580",4,42,0.168862955535673
"3581",3.5,212,0.243862805153691
"3582",2.5,12,0.234377647172733
"3583",3.5,134,0.19689580264354
"3584",4,13,0.192774334567589
"3585",3,154,0.21588434501372
"3586",4.5,12,0.1675
"3587",4,581,0.255827702633019
"3588",4,126,0.279456134191935
"3589",4,13,0.319350519679111
"3591",3,281,0.148839673324608
"3592",3,74,0.158739745895101
"3593",5,5,0.35373645440575
"3594",3.5,15,0.0244252873563
"3596",3.5,522,0.226135662878489
"3597",4,2,0.2697649808179
"3598",4,38,0.219482600733
"3599",4,27,0.150148744251187
"3600",3.5,18,0.383084949772364
"3601",3.5,3,0.0858333333335
"3602",3,36,0.312059771825359
"3603",3.5,28,0.144618757978108
"3604",3.5,14,0.311514047177286
"3606",3.5,29,0.233606969228961
"3607",3.5,7,0.18503383838396
"3608",4,176,0.190953781031711
"3610",3,24,0.24738485222566
"3611",3.5,111,0.198111091479486
"3612",3,65,0.105671154581996
"3613",2.5,18,0.116363168724311
"3614",4,53,0.225273865108833
"3617",3,13,0.18736089937992
"3619",3.5,122,0.115340361575316
"3620",4.5,212,0.320321935169007
"3621",4,231,0.20034751522468
"3622",4,683,0.190494694226305
"3623",3,11,0.11949999999988
"3624",3.5,4,0.205787037037
"3626",3,41,0.0944470638057556
"3627",4,14,0.353647594752143
"3628",3,35,0.12437930931142
"3629",4,781,0.183051783198187
"3631",4,97,0.263835051363817
"3633",4,43,0.3420554368471
"3634",2,22,0.0149924872205818
"3635",4.5,5,0.2838950731808
"3636",3,69,0.151679822582062
"3637",3,19,0.10690173030315
